접수번호,법인구분,고유번호,법인명,이름,성별,생년월일,직위,등기임원여부,상근여부,담당업무,주요경력,최대주주와의관계,재직기간,임기만료일,보고서연도
20150401002266,Y,00110893,대신증권,이어룡,여,1953년 09월,회장,등기임원,상근,-,상명여자사범대,-,"2004.09.24~
2014.12.31",2015년 03월 20일,2014
20150401002266,Y,00110893,대신증권,유승덕,남,1962년 03월,전무,미등기임원,상근,고객자산본부장,"연세대 경제학(석사)
 우리CS자산운용 AI본부장
 대신증권㈜ 파생금융본부장
 대신증권㈜ CM본부장
대신증권㈜ Capital Market 사업단장",-,"2007.06.22~
2014.12.31",2015년 03월 20일,2014
20150401002266,Y,00110893,대신증권,임홍재,남,1959년 07월,전무,미등기임원,상근,IB사업단장,"서울대 경영학(석사)
 IBK투자증권 IB사업부 부사장
 대신증권㈜ IB본부장
 대신증권㈜  기업금융사업단장",-,"2009.04.01~
2014.12.31",2015년 03월 20일,2014
20150401002266,Y,00110893,대신증권,김병철,남,1959년 10월,전무,미등기임원,상근,IT서비스본부장,"홍익대 전자계산학(석사)
 대신증권㈜ 전산개발팀장
 대신증권㈜ 고객지원부장
 대신증권㈜ IT본부장",-,"2007.04.01~
2014.12.31",2015년 03월 20일,2014
20150401002266,Y,00110893,대신증권,김경식,남,1959년 12월,감사위원,등기임원,상근,상근감사위원,"연세대 경제학(석사)
 SBC WARBURG DILLON READ(현UBS증권 법인영업이사
 푸르덴셜투자증권 홀세일사업본부장 
메릴린치증권 서울지점 상무 ",-,"2011.05.27~
2014.12.31",2015년 03월 20일,2014
20150401002266,Y,00110893,대신증권,송혁,남,1964년 04월,전무,미등기임원,상근,비서/브랜드담당,"전북대 회계학
 대신증권㈜ 인수공모2부
대신증권㈜  비서실장",-,"2010.04.01~
2014.12.31",2015년 03월 20일,2014
20150401002266,Y,00110893,대신증권,배영훈,남,1964년 02월,전무,미등기임원,상근,구조화상품본부장,"연세대 경영학
대신증권㈜ 장외파생상품부장
 대신증권㈜ 파생상품영업부장
 대신증권㈜ 해외파생상품부장
대신증권㈜ 파생영업본부장",-,"2011.04.01~
2014.12.31",2015년 03월 20일,2014
20150401002266,Y,00110893,대신증권,장광수,남,1962년 09월,전무,미등기임원,상근,금융주치의사업단장,"한양대 경영학
 대신증권㈜ 송탄지점장
대신증권㈜ 중부지역본부장
대신증권㈜  강남지역본부장",-,"2012.04.01~
2014.12.31",2015년 03월 20일,2014
20150401002266,Y,00110893,대신증권,이현식,남,1962년 05월,전무,미등기임원,상근,강북지역본부장,"서울대 경영학(석사)
 대신증권㈜ 시흥동지점장
 대신증권㈜  명일동지점장
 대신증권㈜ 퇴직연금컨설팅본부장
 대신증권㈜  퇴직연금본부장",-,"2012.04.01~
2014.12.31",2015년 03월 20일,2014
20150401002266,Y,00110893,대신증권,김송규,남,1964년 08월,상무,미등기임원,상근,인프라관리본부장,"대전대 경영학(박사)
대신증권㈜ 관재팀장
 대신증권㈜ 총무부장",-,"2011.04.01~
2014.12.31",2015년 03월 20일,2014
20150401002266,Y,00110893,대신증권,장우철,남,1963년 05월,상무,미등기임원,상근,IB부문장,"전남대 경영학
대신증권㈜ 선릉역지점장
 대신증권㈜ 영업부장
 대신증권㈜ 금융주치의추진부장
대신증권㈜  강북지역본부장
대신증권㈜ IB본부장, 퇴직연금담당",-,"2011.04.01~
2014.12.31",2015년 03월 20일,2014
20150401002266,Y,00110893,대신증권,나재철,남,1960년 01월,대표이사,등기임원,상근,업무총괄,"한국외국어대  경영학(석사)
 대신증권㈜ 강남지역본부장
 대신증권㈜ WM추진본부장
 대신증권㈜ Wholesale본부장,
 대신증권㈜ Wholesale사업단장,기획본부장
대신증권㈜  인재역량센터장, 기업금융사업단장",-,"2004.04.01~
2014.12.31",2016년 03월 31일,2014
20150401002266,Y,00110893,대신증권,조윤남,남,1968년 11월,상무,미등기임원,상근,리서치센터장,"한국과학기술원 화학공학(석사)
대신증권㈜ 투자전략부장",-,"2011.04.01~
2014.12.31",2015년 03월 20일,2014
20150401002266,Y,00110893,대신증권,권인섭,남,1965년 01월,상무,미등기임원,상근,금융주치의추진본부장,"KDI국제정책대학원(석사)
삼성증권㈜  상품개발팀장
동양증권㈜  상품기획본부장
대신증권㈜ 고객상품본부장",-,"2012.04.01~
2014.12.31",2015년 03월 20일,2014
20150401002266,Y,00110893,대신증권,신인식,남,1962년 01월,상무,미등기임원,상근,동부지역본부장,"성균관대 회계학
대신증권㈜  무역센터지점장
 대신증권㈜  분당지점장
 대신증권㈜ 강남선릉센터 이사대우센터장
대신증권㈜ 강서지역본부장",-,"2013.04.01~
2014.12.31",2015년 03월 20일,2014
20150401002266,Y,00110893,대신증권,하창룡,남,1962년 05월,상무,미등기임원,상근,강남지역본부장,"성균관대 불어불문학
 대신증권㈜ 대치동지점 이사대우지점장
대신증권㈜ 남대문지점 이사대우지점장
 대신증권㈜  종로지점 이사대우지점장
 대신증권㈜  강남지역본부장
 대신증권㈜  중부지역본부장",-,"2013.04.01~
2014.12.31",2015년 03월 20일,2014
20150401002266,Y,00110893,대신증권,박동현,남,1963년 06월,상무,미등기임원,상근,서부지역본부장,"고려대 법학
대신증권㈜  화정동지점장
 대신증권㈜ 상무지점장
 대신증권㈜  무등지점 이사대우지점장",-,"2013.04.01~
2014.12.31",2015년 03월 20일,2014
20150401002266,Y,00110893,대신증권,조경순,남,1964년 01월,상무,미등기임원,상근,기획본부장,"연세대 경영대학원(석사)
대신증권(주) 홍보실 이사대우실장
대신증권(주) 브랜드전략실 이사대우실장",-,"2014.01.01~
2014.12.31",2015년 03월 20일,2014
20150401002266,Y,00110893,대신증권,홍대한,남,1963년 05월,상무,미등기임원,상근,인재역량센터장,"서강대 경제학
대신증권(주) 영업기획부 부장
대신증권(주) 기획실 실장
대신증권(주) 인재전략부 이사대우부장",-,"2014.01.01~
2014.12.31",2015년 03월 20일,2014
20150401002266,Y,00110893,대신증권,이동훈,남,1972년 03월,상무,미등기임원,상근,Trading Center장,"조지아공대 항공우주학(박사)
대신증권(주) 파생상품운용부 부장
대신증권(주) 자산운용본부 이사대우본부장",-,"2014.01.01~
2014.12.31",2015년 03월 20일,2014
20150401002266,Y,00110893,대신증권,박규상,남,1965년 01월,상무보,미등기임원,상근,영업부장,"연세대 경영학
대신증권㈜ 법인영업부장
 대신증권㈜ Wholesale1본부장
대신증권㈜ Wholesale영업본부장",-,"2011.04.01~
2014.12.31",2015년 03월 20일,2014
20150401002266,Y,00110893,대신증권,김봉규,남,1964년 04월,상무보,미등기임원,상근,울산지점장,"울산대 경영학
대신증권㈜  울산남지점장
 대신증권㈜  무거동지점장
 대신증권㈜  울산지점 이사대우지점장
대신증권㈜ 동부지역본부장
대신증권㈜ 동래지점장",-,"2013.04.01~
2014.12.31",2015년 03월 20일,2014
20150401002266,Y,00110893,대신증권,양홍석,남,1981년 04월,사장,등기임원,상근,"업무총괄
(IB사업단,고객자산본부 제외)","서울대 경영학
 대신투자신탁운용㈜  상무이사
 대신증권㈜ 전무
 대신증권㈜ 부사장",-,"2007.10.01~
2014.12.31",2016년 03월 31일,2014
20150401002266,Y,00110893,대신증권,김경찬,남,1964년 06월,상무보,미등기임원,상근,스마트금융본부장,"연세대 정치학(석사)
한국투자증권(주) 평촌지점 상무
부영주택 기획관리부/영업부 상무",-,"2014.01.16~
2014.12.31",2015년 03월 20일,2014
20150401002266,Y,00110893,대신증권,이정훈,남,1947년 06월,사외이사,등기임원,비상근,-,"서울대 법학(석사)
 대한중재인협회 회장
 법무법인 태평양 대표변호사(현)",-,"2010.05.28~
2014.12.31",2015년 03월 20일,2014
20150401002266,Y,00110893,대신증권,박찬욱,남,1949년 08월,사외이사,등기임원,비상근,-,"명지대 경영학
 서울지방국세청장
 재단법인 정평장학회 이사장
 피앤비세무컨설팅 대표(현)",-,"2010.05.28~
2014.12.31",2015년 03월 20일,2014
20150401002266,Y,00110893,대신증권,이인형,남,1964년 02월,사외이사,등기임원,비상근,감사위원장,"Brown대 경제학(박사)
 LG경제연구원 금융연구실 실장
 수원대학교 경영학부 교수
KAIST MBA교수
 자본시장연구원 부원장(현)",-,"2011.05.27~
2014.12.31",2015년 03월 20일,2014
20150401002266,Y,00110893,대신증권,박찬수,남,1955년 07월,사외이사,등기임원,비상근,-,"고려대 경영대학원(석사)
금융감독원 부원장보
LIG손해보험 상근감사위원
하비스트 대표(현)",-,"2013.06.07~
2014.12.31",2015년 03월 20일,2014
20150401002266,Y,00110893,대신증권,김창봉,남,1964년 05월,사외이사,등기임원,비상근,감사위원,"중앙대 무역학(박사)
국세청,관세청,산업통상자원부 정부정책자체평가위원
기획재정부 국제행사심사위원회 민간위원
중앙대 상경학부 교수(현)",-,"2013.06.07~
2014.12.31",2015년 03월 20일,2014
20150401002266,Y,00110893,대신증권,구희진,남,1965년 04월,전무,미등기임원,상근, Wholesale사업단장,"한국외국어대 무역학(석사)
 우리투자증권 기업분석팀장
 대신증권㈜ 리서치센터장
대신증권㈜  기획본부장",-,"2007.05.02~
2014.12.31",2015년 03월 20일,2014
20160330002767,Y,00110893,대신증권,이어룡,여,1953년 09월,회장,등기임원,상근,-,상명여자사범대,-,"2004.09.24~
2015.12.31",2017년 03월 31일,2015
20160330002767,Y,00110893,대신증권,유승덕,남,1962년 03월,전무,미등기임원,상근,고객자산본부장,"연세대 경제학(석사)
 우리CS자산운용 AI본부장
 대신증권 파생금융본부장
 대신증권 CM본부장
대신증권 Capital Market 사업단장",-,"2007.06.22~
2015.12.31",2016년 03월 18일,2015
20160330002767,Y,00110893,대신증권,김병철,남,1959년 10월,전무,미등기임원,상근,정보보호담당,"홍익대 전자계산학(석사)
 대신증권 전산개발팀장
 대신증권 고객지원부장
 대신증권 IT본부장
대신증권 IT서비스본부장",-,"2007.04.01~
2015.12.31",2016년 03월 18일,2015
20160330002767,Y,00110893,대신증권,김경식,남,1959년 12월,전무,미등기임원,상근,감사담당,"연세대 경제학(석사)
 SBC WARBURG DILLON READ(현UBS증권) 법인영업이사
 푸르덴셜투자증권 홀세일사업본부장 
메릴린치증권 서울지점 상무 ",-,"2015.03.20~
2015.12.31",2016년 03월 18일,2015
20160330002767,Y,00110893,대신증권,송혁,남,1964년 04월,전무,미등기임원,상근,비서/브랜드담당,"전북대 회계학
 대신증권 인수공모2부
대신증권 비서실장",-,"2010.04.01~
2015.12.31",2016년 03월 18일,2015
20160330002767,Y,00110893,대신증권,배영훈,남,1964년 02월,전무,미등기임원,상근,구조화상품본부장,"연세대 경영학
대신증권 장외파생상품부장
 대신증권 파생상품영업부장
 대신증권 해외파생상품부장
대신증권 파생영업본부장",-,"2011.04.01~
2015.12.31",2016년 03월 18일,2015
20160330002767,Y,00110893,대신증권,장광수,남,1962년 09월,전무,미등기임원,상근,금융주치의사업단장,"한양대 경영학
대신증권 정자동지점장
 대신증권 송탄지점장
대신증권 중부지역본부장
대신증권 강남지역본부장",-,"2012.04.01~
2015.12.31",2016년 03월 18일,2015
20160330002767,Y,00110893,대신증권,이현식,남,1962년 05월,전무,미등기임원,상근,강북지역본부장,"서울대 경영학(석사)
 대신증권 시흥동지점장
 대신증권 명일동지점장
 대신증권 퇴직연금컨설팅본부장
 대신증권 퇴직연금본부장",-,"2012.04.01~
2015.12.31",2016년 03월 18일,2015
20160330002767,Y,00110893,대신증권,김송규,남,1964년 08월,전무,미등기임원,상근,인프라관리본부장,"대전대 경영학(박사)
대신증권 관재팀장
대신증권 총무부장",-,"2011.04.01~
2015.12.31",2016년 03월 18일,2015
20160330002767,Y,00110893,대신증권,조윤남,남,1968년 11월,전무,미등기임원,상근,리서치센터장,"한국과학기술원 화학공학(석사)
굿모닝신한증권 기업분석부 연구원
대신증권 투자전략부장",-,"2011.04.01~
2015.12.31",2016년 03월 18일,2015
20160330002767,Y,00110893,대신증권,장우철,남,1963년 05월,상무,미등기임원,상근,IB부문장,"전남대 경영학
대신증권 선릉역지점장
 대신증권 영업부장
 대신증권 금융주치의추진부장
대신증권 강북지역본부장
대신증권 IB본부장, 퇴직연금담당",-,"2011.04.01~
2015.12.31",2016년 03월 18일,2015
20160330002767,Y,00110893,대신증권,나재철,남,1960년 01월,대표이사,등기임원,상근,업무총괄,"한국외국어대  경영학(석사)
 대신증권 강남지역본부장
 대신증권 WM추진본부장
 대신증권 Wholesale본부장,
 대신증권 Wholesale사업단장,기획본부장
대신증권 인재역량센터장, 기업금융사업단장",-,"2004.04.01~
2015.12.31",2016년 03월 18일,2015
20160330002767,Y,00110893,대신증권,권인섭,남,1965년 01월,상무,미등기임원,상근,금융주치의추진본부장,"KDI국제정책대학원(석사)
삼성증권 상품개발팀장
동양증권 상품기획본부장
대신증권 고객상품본부장",-,"2012.04.01~
2015.12.31",2016년 03월 18일,2015
20160330002767,Y,00110893,대신증권,신인식,남,1962년 01월,상무,미등기임원,상근,동부지역본부장,"성균관대 회계학
대신증권 무역센터지점장
 대신증권 분당지점장
 대신증권 강남선릉센터 이사대우센터장
대신증권 강서지역본부장",-,"2013.04.01~
2015.12.31",2016년 03월 18일,2015
20160330002767,Y,00110893,대신증권,하창룡,남,1962년 05월,상무,미등기임원,상근,강남지역본부장,"성균관대 불어불문학
대신증권 대치동지점 이사대우지점장
대신증권 남대문지점 이사대우지점장
대신증권 종로지점 이사대우지점장
대신증권 중부지역본부장",-,"2013.04.01~
2015.12.31",2016년 03월 18일,2015
20160330002767,Y,00110893,대신증권,박동현,남,1963년 06월,상무,미등기임원,상근,서부지역본부장,"고려대 법학
대신증권 화정동지점장
대신증권 상무지점장
대신증권 무등지점 이사대우지점장",-,"2013.04.01~
2015.12.31",2016년 03월 18일,2015
20160330002767,Y,00110893,대신증권,조경순,남,1964년 01월,상무,미등기임원,상근,기획본부장,"연세대 경제학(석사)
대신증권 홍보실 이사대우실장
대신증권브랜드전략실 이사대우실장",-,"2014.01.01~
2015.12.31",2016년 03월 18일,2015
20160330002767,Y,00110893,대신증권,홍대한,남,1963년 05월,상무,미등기임원,상근,인재역량센터장,"서강대 경제학
대신증권영업기획부장
대신증권기획실장
대신증권인재전략부 이사대우부장",-,"2014.01.01~
2015.12.31",2016년 03월 18일,2015
20160330002767,Y,00110893,대신증권,이동훈,남,1972년 03월,상무,미등기임원,상근,Trading Center장,"조지아공대 항공우주학(박사)
대신증권파생상품운용부장
대신증권자산운용본부 이사대우본부장",-,"2014.01.01~
2015.12.31",2016년 03월 18일,2015
20160330002767,Y,00110893,대신증권,김경찬,남,1964년 06월,상무,미등기임원,상근,스마트금융본부장,"연세대 정치학(석사)
한국투자증권평촌지점 상무
부영주택 기획관리부/영업부 상무",-,"2014.01.16~
2015.12.31",2016년 03월 18일,2015
20160330002767,Y,00110893,대신증권,김재중,남,1965년 08월,상무,미등기임원,상근,Wholesale영업본부장,"강원대 경영학
우리투자증권 리서치센터 파트장
대신증권Global사업본부 이사대우본부장",-,"2015.01.01~
2015.12.31",2016년 03월 18일,2015
20160330002767,Y,00110893,대신증권,최명재,남,1963년 10월,상무,미등기임원,상근,Operation&Technology본부장,"연세대 수학
대신증권트레이딩시스템부장
대신증권IT개발부장",-,"2015.01.01~
2015.12.31",2016년 03월 18일,2015
20160330002767,Y,00110893,대신증권,양홍석,남,1981년 04월,사장,등기임원,상근,"업무총괄
(IB사업단, 고객자산본부 제외)","서울대 경영학
 대신투자신탁운용 상무이사
 대신증권 전무
 대신증권 부사장",-,"2007.10.01~
2015.12.31",2016년 03월 18일,2015
20160330002767,Y,00110893,대신증권,박규상,남,1965년 01월,상무보,미등기임원,상근,영업부장,"연세대 경영학
대신증권 법인영업부장
대신증권 Wholesale1본부장
대신증권 Wholesale영업본부장",-,"2011.04.01~
2015.12.31",2016년 03월 18일,2015
20160330002767,Y,00110893,대신증권,한여선,남,1964년 10월,상무보,미등기임원,상근,IB부부문장,"서울대 경영학
한국물산 경영기획팀장
우리투자증권기업금융2팀장
하이투자증권주식인수팀 이사",-,"2015.03.09~
2015.12.31",2016년 03월 18일,2015
20160330002767,Y,00110893,대신증권,이인형,남,1964년 02월,사외이사,등기임원,비상근,-,"Brown대 경제학(박사)
 LG경제연구원 금융연구실 실장
 수원대 경영학부 교수
KAIST MBA교수
 자본시장연구원 부원장(현)",-,"2011.05.27~
2015.12.31",2016년 03월 18일,2015
20160330002767,Y,00110893,대신증권,박찬수,남,1955년 07월,사외이사,등기임원,비상근,감사위원장,"고려대 경영대학원(석사)
금융감독원 부원장보
LIG손해보험 상근감사위원
하비스트 대표(현)",-,"2013.06.07~
2015.12.31",2016년 03월 18일,2015
20160330002767,Y,00110893,대신증권,김창봉,남,1964년 05월,사외이사,등기임원,비상근,-,"중앙대 무역학(박사)
국세청,관세청,산업통상자원부 정부정책자체평가위원
기획재정부 국제행사심사위원회 민간위원
중앙대학교 산업ㆍ창업 경영대학원장
(경영학부 교수)(현)",-,"2013.06.07~
2015.12.31",2016년 03월 18일,2015
20160330002767,Y,00110893,대신증권,정상명,남,1950년 04월,사외이사,등기임원,비상근,감사위원,"서울대 법학
대검찰청 검찰총장
학교법인 현암학원 이사장(현)
변호사정상명법률사무소 변호사(현)",-,"2015.03.20~
2015.12.31",2017년 03월 31일,2015
20160330002767,Y,00110893,대신증권,신재국,남,1955년 03월,사외이사,등기임원,비상근,감사위원,"한양대 세무학(석사)
국세청 조사과장
중부지방국세청 조사국장
세무법인 리앤케이 대표(현)",-,"2015.03.20~
2015.12.31",2017년 03월 31일,2015
20160330002767,Y,00110893,대신증권,정태영,남,1962년 06월,부사장,미등기임원,상근,IB사업단장,"고려대 경영학(석사)
대우증권IB사업부문 전무
대우증권해외사업부문 부사장
대우증권전략기획본부 부사장",-,"2015.01.01~
2015.12.31",2016년 03월 18일,2015
20170331002278,Y,00110893,대신증권,이어룡,여,1953년 09월,회장,등기임원,상근,-,상명여자사범대,-,"2004.09.24~
2016.12.31",2017년 03월 24일,2016
20170331002278,Y,00110893,대신증권,유승덕,남,1962년 03월,전무,미등기임원,상근,-,"연세대 경제학(석사)
 우리CS자산운용 AI본부장
 대신증권 파생금융본부장
 대신증권 CM본부장
대신증권 Capital Market 사업단장
대신증권 고객자산본부장",-,"2007.06.22~
2016.12.31",2017년 03월 24일,2016
20170331002278,Y,00110893,대신증권,김범철,남,1963년 08월,전무,미등기임원,상근,"기획본부장
/ 투자금융담당","고려대 경영학
대신증권 기획실장
대신자산운용 전무
대신증권 미래전략담당
대신에프앤아이 경영기획본부장",-,"2016.01.01~
2016.12.31",2018년 03월 31일,2016
20170331002278,Y,00110893,대신증권,배영훈,남,1964년 02월,전무,미등기임원,상근,Solution&Product사업단장,"연세대 경영학
대신증권 장외파생상품부장
대신증권 해외파생상품부장
대신증권 파생영업본부장
대신증권 구조화상품본부장
대신증권 Wholesale사업단장",-,"2011.04.01~
2016.12.31",2018년 03월 31일,2016
20170331002278,Y,00110893,대신증권,김경식,남,1959년 12월,전무,미등기임원,상근,-,"연세대 경제학(석사)
 SBC WARBURG DILLON READ(현UBS증권) 법인영업이사
 푸르덴셜투자증권 홀세일사업본부장 
메릴린치증권 서울지점 상무 
대신증권 감사담당",-,"2015.03.20~
2016.12.31",2017년 03월 24일,2016
20170331002278,Y,00110893,대신증권,송혁,남,1964년 04월,전무,미등기임원,상근,비서/브랜드담당,"전북대 회계학
 대신증권 인수공모2부
대신증권 비서실장",-,"2010.04.01~
2016.12.31",2018년 03월 31일,2016
20170331002278,Y,00110893,대신증권,장우철,남,1963년 05월,전무,미등기임원,상근,IB1부문장,"전남대 경영학
 대신증권 영업부장
 대신증권 금융주치의추진부장
대신증권 강북지역본부장
대신증권 IB본부장, 퇴직연금담당
대신증권 IB부문장",-,"2011.04.01~
2016.12.31",2018년 03월 31일,2016
20170331002278,Y,00110893,대신증권,신인식,남,1962년 01월,전무,미등기임원,상근,금융주치의사업단장,"성균관대 회계학
대신증권 무역센터지점장
 대신증권 강남선릉센터 이사대우센터장
대신증권 강서지역본부장
대신증권 동부지역본부장",-,"2013.04.01~
2016.12.31",2018년 03월 31일,2016
20170331002278,Y,00110893,대신증권,권인섭,남,1965년 01월,전무,미등기임원,상근,금융주치의추진본부장,"KDI국제정책대학원(석사)
삼성증권 상품개발팀장
동양증권 상품기획본부장
대신증권 고객상품본부장",-,"2012.04.01~
2016.12.31",2018년 03월 31일,2016
20170331002278,Y,00110893,대신증권,하창룡,남,1962년 05월,전무,미등기임원,상근,강남지역본부장,"성균관대 불어불문학
대신증권 대치동지점 이사대우지점장
대신증권 남대문지점 이사대우지점장
대신증권 종로지점 이사대우지점장
대신증권 중부지역본부장",-,"2013.04.01~
2016.12.31",2018년 03월 31일,2016
20170331002278,Y,00110893,대신증권,박동현,남,1963년 06월,전무,미등기임원,상근,서부지역본부장,"고려대 법학
대신증권 화정동지점장
대신증권 상무지점장
대신증권 무등지점 이사대우지점장",-,"2013.04.01~
2016.12.31",2018년 03월 31일,2016
20170331002278,Y,00110893,대신증권,나재철,남,1960년 01월,대표이사,등기임원,상근,업무총괄,"한국외국어대  경영학(석사)
 대신증권 강남지역본부장
 대신증권 WM추진본부장
 대신증권 Wholesale본부장,
 대신증권 Wholesale사업단장,기획본부장
대신증권 인재역량센터장, 기업금융사업단장",-,"2004.04.01~
2016.12.31",2018년 03월 31일,2016
20170331002278,Y,00110893,대신증권,조경순,남,1964년 01월,상무,미등기임원,상근,"고객자산본부장
/ 홍보담당","연세대 경제학(석사)
대신증권 홍보실 이사대우실장
대신증권브랜드전략실 이사대우실장
대신증권 기획본부장",-,"2014.01.01~
2016.12.31",2018년 03월 31일,2016
20170331002278,Y,00110893,대신증권,홍대한,남,1963년 05월,상무,미등기임원,상근,경영지원본부장,"서강대 경제학
대신증권영업기획부장
대신증권기획실장
대신증권인재전략부 이사대우부장
대신증권 인재역량센터장",-,"2014.01.01~
2016.12.31",2018년 03월 31일,2016
20170331002278,Y,00110893,대신증권,이동훈,남,1972년 03월,상무,미등기임원,상근,Product부문장,"조지아공대 항공우주학(박사)
대신증권파생상품운용부장
대신증권자산운용본부 이사대우본부장
대신증권 Trading Center장",-,"2014.01.01~
2016.12.31",2018년 03월 31일,2016
20170331002278,Y,00110893,대신증권,김경찬,남,1964년 06월,상무,미등기임원,상근,-,"연세대 정치학(석사)
한국투자증권 온라인사업추진단 부장
한국투자증권평촌지점 상무보
부영주택 기획관리부/영업부 상무
대신증권 스마트금융본부장",-,"2014.01.16~
2016.12.31",2017년 03월 24일,2016
20170331002278,Y,00110893,대신증권,김재중,남,1965년 08월,상무,미등기임원,상근,Research&Strategy본부장,"강원대 경영학
우리투자증권 리서치센터 파트장
대신증권Global사업본부 이사대우본부장
대신증권 Wholesale영업본부장",-,"2015.01.01~
2016.12.31",2018년 03월 31일,2016
20170331002278,Y,00110893,대신증권,최명재,남,1963년 10월,상무,미등기임원,상근,Operation&Technology본부장,"연세대 수학
대신증권트레이딩시스템부장
대신증권IT개발부장",-,"2015.01.01~
2016.12.31",2018년 03월 31일,2016
20170331002278,Y,00110893,대신증권,정재중,남,1965년 01월,상무,미등기임원,상근,강북지역본부장,"전남대 국제경영학(석사)
대신증권 명일동지점장
대신증권 부천지점장
대신증권 금융주치의전략부 이사대우부장",-,"2016.01.01~
2016.12.31",2018년 03월 31일,2016
20170331002278,Y,00110893,대신증권,이정화,남,1968년 11월,상무,미등기임원,상근,동부지역본부장,"부경대 무역학
대신증권 마산지점장
대신증권 부전동지점장
대신증권 동래지점장",-,"2016.01.01~
2016.12.31",2018년 03월 31일,2016
20170331002278,Y,00110893,대신증권,최범진,남,1969년 07월,상무,미등기임원,상근,Advisory본부장,"카네기멜론대 금융공학(석사)
우리프라이빗에쿼티 투자팀 이사
도이치은행 상무
대우증권 상무",-,"2016.04.18~
2016.12.31",2018년 03월 31일,2016
20170331002278,Y,00110893,대신증권,박규상,남,1965년 01월,상무보,미등기임원,상근,영업부장,"연세대 경영학
대신증권 법인영업부장
대신증권 Wholesale1본부장
대신증권 Wholesale영업본부장",-,"2011.04.01~
2016.12.31",2018년 03월 31일,2016
20170331002278,Y,00110893,대신증권,양홍석,남,1981년 04월,사장,등기임원,상근,"업무총괄
(IB사업단,고객자산본부 제외)","서울대 경영학
 대신투자신탁운용 상무이사
 대신증권 전무
 대신증권 부사장",-,"2007.10.01~
2016.12.31",2018년 03월 31일,2016
20170331002278,Y,00110893,대신증권,한여선,남,1964년 10월,상무보,미등기임원,상근,IB2부문장,"서울대 경영학
한국물산 경영기획팀장
우리투자증권기업금융2팀장
하이투자증권주식인수팀 이사
대신증권 IB부부문장",-,"2015.03.09~
2016.12.31",2018년 03월 31일,2016
20170331002278,Y,00110893,대신증권,"*
이문수",남,1963년 04월,이사대우담당,미등기임원,상근,리스크관리담당,"경북대 경영학
대신증권 재무관리부 이사대우부장
대신증권 리스크관리본부 이사대우본부장
대신저축은행 준법감시인
대신증권 리스크관리본부 이사대우본부장",-,"2016.10.31~
2016.12.31",2018년 12월 31일,2016
20170331002278,Y,00110893,대신증권,"*
최정석",남,1962년 04월,이사대우담당,미등기임원,상근,"준법감시인
준법지원담당","중앙대 사법학(석사)
대신증권 법무실장
대신자산운용 법무본부 이사대우본부장
대신증권 법무지원실 이사대우실장
대신증권 준법지원본부 이사대우본부장",-,"2016.04.01~
2016.12.31",2017년 03월 31일,2016
20170331002278,Y,00110893,대신증권,"*
이환목",남,1966년 04월,"이사대우
부문장",미등기임원,상근,Market Solution부문장,"동국대 무역학
우리선물 해외선물부장
대신증권 Global파생상품부장
대신증권 구조화상품본부 이사대우본부장",-,"2016.12.01~
2016.12.31",2017년 12월 31일,2016
20170331002278,Y,00110893,대신증권,"*
김성원",남,1964년 06월,이사대우담당,미등기임원,상근,감사담당,"연세대 경영학(석사)
대신증권 신규업무추진팀장
대신증권 감사실 팀장
대신증권 감사실장",-,"2016.12.01~
2016.12.31",2017년 12월 31일,2016
20170331002278,Y,00110893,대신증권,"*
정태암",남,1965년 07월,이사대우담당,미등기임원,상근,정보보호담당,"영남공업전문대 전자전산학
대신증권 IT전략부 팀장
대신증권 IT개발부 팀장
대신증권 온라인개발부장",-,"2016.12.01~
2016.12.31",2017년 12월 31일,2016
20170331002278,Y,00110893,대신증권,박찬수,남,1955년 07월,사외이사,등기임원,비상근,-,"고려대 경영대학원(석사)
금융감독원 부원장보
LIG손해보험 상근감사위원
하비스트 대표(현)",-,"2013.06.07~
2016.12.31",2017년 03월 24일,2016
20170331002278,Y,00110893,대신증권,김창봉,남,1964년 05월,사외이사,등기임원,비상근,-,"중앙대 무역학(박사)
국세청,관세청,산업통상자원부 정부정책자체평가위원
기획재정부 국제행사심사위원회 민간위원
중앙대학교 산업ㆍ창업 경영대학원장
(경영학부 교수)(현)",-,"2013.06.07~
2016.12.31",2017년 03월 24일,2016
20170331002278,Y,00110893,대신증권,정상명,남,1950년 04월,사외이사,등기임원,비상근,감사위원,"서울대 법학
대검찰청 검찰총장
학교법인 현암학원 이사장(현)
변호사정상명법률사무소 변호사(현)",-,"2015.03.20~
2016.12.31",2017년 03월 24일,2016
20170331002278,Y,00110893,대신증권,신재국,남,1955년 03월,사외이사,등기임원,비상근,감사위원장,"한양대 세무학(석사)
국세청 조사과장
중부지방국세청 조사국장
세무법인 리앤케이 대표(현)",-,"2015.03.20~
2016.12.31",2017년 03월 24일,2016
20170331002278,Y,00110893,대신증권,이지원,남,1961년 01월,사외이사,등기임원,비상근,감사위원,"서울대 경영학(석사)
안진회계법인
L&C세무회계사무소 대표 공인회계사(현)",-,"2016.03.18~
2016.12.31",2018년 03월 31일,2016
20170331002278,Y,00110893,대신증권,정태영,남,1962년 06월,부사장,미등기임원,상근,IB사업단장,"고려대 경영학(석사)
대우증권IB사업부문 전무
대우증권해외사업부문 부사장
대우증권전략기획본부 부사장",-,"2015.01.01~
2016.12.31",2018년 03월 31일,2016
20180402002800,Y,00110893,대신증권,이어룡,여,1953년 09월,회장,등기임원,상근,-,상명여자사범대,-,"2004.09.24~
2017.12.31",2019년 03월 31일,2017
20180402002800,Y,00110893,대신증권,김범철,남,1963년 08월,전무,미등기임원,상근,"기획본부장
/ 투자금융담당","고려대 경영학
대신증권 기획실장
대신자산운용 전무
대신증권 미래전략담당
대신에프앤아이 경영기획본부장",-,"2016.01.01~
2017.12.31",2018년 03월 23일,2017
20180402002800,Y,00110893,대신증권,배영훈,남,1964년 02월,전무,미등기임원,상근,Solution&Product사업단장,"연세대 경영학
대신증권 장외파생상품부장
대신증권 해외파생상품부장
대신증권 파생영업본부장
대신증권 구조화상품본부장
대신증권 Wholesale사업단장",-,"2011.04.01~
2017.12.31",2018년 03월 23일,2017
20180402002800,Y,00110893,대신증권,송혁,남,1964년 04월,전무,미등기임원,상근,비서/브랜드본부,"전북대 회계학
 대신증권 인수공모2부
대신증권 비서실장",-,"2010.04.01~
2017.12.31",2018년 03월 23일,2017
20180402002800,Y,00110893,대신증권,장우철,남,1963년 05월,전무,미등기임원,상근,IB1부문장,"전남대 경영학
 대신증권 영업부장
 대신증권 금융주치의추진부장
대신증권 강북지역본부장
대신증권 IB본부장, 퇴직연금담당
대신증권 IB부문장",-,"2011.04.01~
2017.12.31",2018년 03월 23일,2017
20180402002800,Y,00110893,대신증권,신인식,남,1962년 01월,전무,미등기임원,상근,금융주치의사업단장,"성균관대 회계학
대신증권 무역센터지점장
 대신증권 강남선릉센터 이사대우센터장
대신증권 강서지역본부장
대신증권 동부지역본부장",-,"2013.04.01~
2017.12.31",2018년 03월 23일,2017
20180402002800,Y,00110893,대신증권,권인섭,남,1965년 01월,전무,미등기임원,상근,금융주치의추진본부장,"KDI국제정책대학원(석사)
삼성증권 상품개발팀장
동양증권 상품기획본부장
대신증권 고객상품본부장",-,"2012.04.01~
2017.12.31",2018년 03월 23일,2017
20180402002800,Y,00110893,대신증권,하창룡,남,1962년 05월,전무,미등기임원,상근,강남지역본부장,"성균관대 불어불문학
대신증권 대치동지점 이사대우지점장
대신증권 남대문지점 이사대우지점장
대신증권 종로지점 이사대우지점장
대신증권 중부지역본부장",-,"2013.04.01~
2017.12.31",2018년 03월 23일,2017
20180402002800,Y,00110893,대신증권,박동현,남,1963년 06월,전무,미등기임원,상근,서부지역본부장,"고려대 법학
대신증권 화정동지점장
대신증권 상무지점장
대신증권 무등지점 이사대우지점장",-,"2013.04.01~
2017.12.31",2018년 03월 23일,2017
20180402002800,Y,00110893,대신증권,조경순,남,1964년 01월,상무,미등기임원,상근,"고객자산본부장
/ 홍보담당","연세대 경제학(석사)
대신증권 홍보실 이사대우실장
대신증권브랜드전략실 이사대우실장
대신증권 기획본부장",-,"2014.01.01~
2017.12.31",2018년 03월 23일,2017
20180402002800,Y,00110893,대신증권,홍대한,남,1963년 05월,상무,미등기임원,상근,경영지원본부장,"서강대 경제학
대신증권영업기획부장
대신증권기획실장
대신증권인재전략부 이사대우부장
대신증권 인재역량센터장",-,"2014.01.01~
2017.12.31",2018년 03월 23일,2017
20180402002800,Y,00110893,대신증권,나재철,남,1960년 01월,대표이사,등기임원,상근,업무총괄,"한국외국어대  경영학(석사)
 대신증권 강남지역본부장
 대신증권 WM추진본부장
 대신증권 Wholesale본부장,
 대신증권 Wholesale사업단장,기획본부장
대신증권 인재역량센터장, 기업금융사업단장",-,"2004.04.01~
2017.12.31",2018년 03월 23일,2017
20180402002800,Y,00110893,대신증권,이동훈,남,1972년 03월,상무,미등기임원,상근,Product부문장,"조지아공대 항공우주학(박사)
대신증권파생상품운용부장
대신증권자산운용본부 이사대우본부장
대신증권 Trading Center장",-,"2014.01.01~
2017.12.31",2018년 03월 23일,2017
20180402002800,Y,00110893,대신증권,김재중,남,1965년 08월,상무,미등기임원,상근,Research&Strategy본부장,"강원대 경영학
우리투자증권 리서치센터 파트장
대신증권Global사업본부 이사대우본부장
대신증권 Wholesale영업본부장",-,"2015.01.01~
2017.12.31",2018년 03월 23일,2017
20180402002800,Y,00110893,대신증권,최명재,남,1963년 10월,상무,미등기임원,상근,Operation&Technology본부장,"연세대 수학
대신증권트레이딩시스템부장
대신증권IT개발부장",-,"2015.01.01~
2017.12.31",2018년 03월 23일,2017
20180402002800,Y,00110893,대신증권,정재중,남,1965년 01월,상무,미등기임원,상근,강북지역본부장,"전남대 국제경영학(석사)
대신증권 명일동지점장
대신증권 부천지점장
대신증권 금융주치의전략부 이사대우부장",-,"2016.01.01~
2017.12.31",2018년 03월 23일,2017
20180402002800,Y,00110893,대신증권,이정화,남,1968년 11월,상무,미등기임원,상근,동부지역본부장,"부경대 무역학
대신증권 마산지점장
대신증권 부전동지점장
대신증권 동래지점장",-,"2016.01.01~
2017.12.31",2018년 03월 23일,2017
20180402002800,Y,00110893,대신증권,최범진,남,1969년 07월,상무,미등기임원,상근,-,"카네기멜론대 금융공학(석사)
우리프라이빗에쿼티 투자팀 이사
도이치은행 상무
대우증권 상무
대신증권 Advisory본부장
대신증권  IB3부문장",-,"2016.04.18~
2017.12.31",2017년 12월 31일,2017
20180402002800,Y,00110893,대신증권,박규상,남,1965년 01월,상무보,미등기임원,상근,영업부장,"연세대 경영학
대신증권 법인영업부장
대신증권 Wholesale1본부장
대신증권 Wholesale영업본부장",-,"2011.04.01~
2017.12.31",2018년 03월 23일,2017
20180402002800,Y,00110893,대신증권,한여선,남,1964년 10월,상무보,미등기임원,상근,IB2부문장,"서울대 경영학
한국물산 경영기획팀장
우리투자증권기업금융2팀장
하이투자증권주식인수팀 이사
대신증권 IB부부문장",-,"2015.03.09~
2017.12.31",2018년 03월 23일,2017
20180402002800,Y,00110893,대신증권,이문수,남,1963년 04월,이사대우담당,미등기임원,상근,리스크관리담당,"경북대 경영학
대신증권 재무관리부 이사대우부장
대신증권 리스크관리본부 이사대우본부장
대신저축은행 준법감시인
대신증권 리스크관리본부 이사대우본부장",-,"2016.10.31~
2017.12.31",2018년 12월 31일,2017
20180402002800,Y,00110893,대신증권,최정석,남,1962년 04월,이사대우담당,미등기임원,상근,"준법감시인
준법지원담당","중앙대 사법학(석사)
대신증권 법무실장
대신자산운용 법무본부 이사대우본부장
대신증권 법무지원실 이사대우실장
대신증권 준법지원본부 이사대우본부장",-,"2016.04.01~
2017.12.31",2019년 03월 31일,2017
20180402002800,Y,00110893,대신증권,양홍석,남,1981년 04월,사장,등기임원,상근,"업무총괄
(IB사업단,고객자산본부 제외)","서울대 경영학
 대신투자신탁운용 상무이사
 대신증권 전무
 대신증권 부사장",-,"2007.10.01~
2017.12.31",2018년 03월 23일,2017
20180402002800,Y,00110893,대신증권,이환목,남,1966년 04월,이사대우부문장,미등기임원,상근,Market Solution부문장,"동국대 무역학
우리선물 해외선물부장
대신증권 Global파생상품부장
대신증권 구조화상품본부 이사대우본부장",-,"2016.12.01~
2017.12.31",2017년 12월 31일,2017
20180402002800,Y,00110893,대신증권,김성원,남,1964년 06월,이사대우담당,미등기임원,상근,감사담당,"연세대 경영학(석사)
대신증권 신규업무추진팀장
대신증권 감사실 팀장
대신증권 감사실장",-,"2016.12.01~
2017.12.31",2017년 12월 31일,2017
20180402002800,Y,00110893,대신증권,정태암,남,1965년 07월,이사대우담당,미등기임원,상근,정보보호담당,"영남공업전문대 전자전산학
대신증권 IT전략부 팀장
대신증권 IT개발부 팀장
대신증권 온라인개발부장",-,"2016.12.01~
2017.12.31",2017년 12월 31일,2017
20180402002800,Y,00110893,대신증권,박찬수,남,1955년 07월,사외이사,등기임원,비상근,감사위원장,"고려대 경영대학원(석사)
금융감독원 부원장보
LIG손해보험 상근감사위원
하비스트 대표(현)",-,"2013.06.07~
2017.12.31",2018년 03월 23일,2017
20180402002800,Y,00110893,대신증권,김창봉,남,1964년 05월,사외이사,등기임원,비상근,감사위원,"중앙대 무역학(박사)
국세청,관세청,산업통상자원부 정부정책자체평가위원
기획재정부 국제행사심사위원회 민간위원
중앙대학교 산업ㆍ창업 경영대학원장
(경영학부 교수)(현)",-,"2013.06.07~
2017.12.31",2018년 03월 23일,2017
20180402002800,Y,00110893,대신증권,정상명,남,1950년 04월,사외이사,등기임원,비상근,-,"서울대 법학
대검찰청 검찰총장
학교법인 현암학원 이사장(현)
변호사정상명법률사무소 변호사(현)",-,"2015.03.20~
2017.12.31",2018년 03월 23일,2017
20180402002800,Y,00110893,대신증권,신재국,남,1955년 03월,사외이사,등기임원,비상근,-,"한양대 세무학(석사)
국세청 조사과장
중부지방국세청 조사국장
세무법인 리앤케이 대표(현)",-,"2015.03.20~
2017.12.31",2018년 03월 23일,2017
20180402002800,Y,00110893,대신증권,이지원,남,1961년 01월,사외이사,등기임원,비상근,감사위원,"서울대 경영학(석사)
안진회계법인
L&C세무회계사무소 대표 공인회계사(현)",-,"2016.03.18~
2017.12.31",2018년 03월 23일,2017
20180402002800,Y,00110893,대신증권,정태영,남,1962년 06월,부사장,미등기임원,상근,IB사업단장,"고려대 경영학(석사)
대우증권IB사업부문 전무
대우증권해외사업부문 부사장
대우증권전략기획본부 부사장",-,"2015.01.01~
2017.12.31",2018년 03월 23일,2017
20190401002550,Y,00110893,대신증권,이어룡,여,1953년 09월,회장,등기임원,상근,-,상명여자사범대,1항 1호 나 ,"2004.09.24~
2018.12.31",2019년 03월 31일,2018
20190401002550,Y,00110893,대신증권,오익근,남,1963년 07월,전무,미등기임원,상근,IB사업단장,"경희대 경제학
대신증권 인사부장
대신증권 재무관리부장
대신증권 리스크관리본부 이사대우본부장
대신저축은행 경영지원본부장
대신저축은행 대표이사",1항 1호 아,"2018.12.03~
2018.12.31",2019년 03월 31일,2018
20190401002550,Y,00110893,대신증권,송혁,남,1964년 04월,전무,미등기임원,상근,비서/브랜드본부,"전북대 회계학
 대신증권 인수공모2부
대신증권 비서실장",1항 1호 아,"2010.04.01~
2018.12.31",2019년 03월 31일,2018
20190401002550,Y,00110893,대신증권,신인식,남,1962년 01월,전무,미등기임원,상근,WM사업단장,"성균관대 회계학
대신증권 무역센터지점장
 대신증권 강남선릉센터 이사대우센터장
대신증권 강서지역본부장
대신증권 동부지역본부장
대신증권 금융주치의사업단장",1항 1호 아,"2013.04.01~
2018.12.31",2019년 03월 31일,2018
20190401002550,Y,00110893,대신증권,박동현,남,1963년 06월,전무,미등기임원,상근,강남지역본부장,"고려대 법학
대신증권 화정동지점장
대신증권 상무지점장
대신증권 무등지점 이사대우지점장
대신증권 서부지역본부장",1항 1호 아,"2013.04.01~
2018.12.31",2019년 03월 31일,2018
20190401002550,Y,00110893,대신증권,조경순,남,1964년 01월,전무,미등기임원,상근,"고객자산본부장
/ 홍보담당","연세대 경제학(석사)
대신증권 홍보실 이사대우실장
대신증권브랜드전략실 이사대우실장
대신증권 기획본부장",1항 1호 아,"2014.01.01~
2018.12.31",2019년 03월 31일,2018
20190401002550,Y,00110893,대신증권,홍대한,남,1963년 05월,전무,미등기임원,상근,경영지원본부장,"서강대 경제학
대신증권영업기획부장
대신증권기획실장
대신증권인재전략부 이사대우부장
대신증권 인재역량센터장",1항 1호 아,"2014.01.01~
2018.12.31",2019년 03월 31일,2018
20190401002550,Y,00110893,대신증권,이동훈,남,1972년 03월,상무,미등기임원,상근,경영기획본부장,"조지아공대 항공우주학(박사)
대신증권파생상품운용부장
대신증권자산운용본부 이사대우본부장
대신증권 Trading Center장
대신증권 Product부문장",1항 1호 아,"2014.01.01~
2018.12.31",2019년 03월 31일,2018
20190401002550,Y,00110893,대신증권,김재중,남,1965년 08월,상무,미등기임원,상근,Research&Strategy본부장,"강원대 경영학
우리투자증권 리서치센터 파트장
대신증권Global사업본부 이사대우본부장
대신증권 Wholesale영업본부장",1항 1호 아,"2015.01.01~
2018.12.31",2019년 03월 31일,2018
20190401002550,Y,00110893,대신증권,최명재,남,1963년 10월,상무,미등기임원,상근,IT본부장,"연세대 수학
대신증권트레이딩시스템부장
대신증권IT개발부장
대신증권 Operation&Technology본부장",1항 1호 아,"2015.01.01~
2018.12.31",2019년 03월 31일,2018
20190401002550,Y,00110893,대신증권,정재중,남,1965년 01월,상무,미등기임원,상근,강북지역본부장,"전남대 국제경영학(석사)
대신증권 명일동지점장
대신증권 부천지점장
대신증권 금융주치의전략부 이사대우부장",1항 1호 아,"2016.01.01~
2018.12.31",2019년 03월 31일,2018
20190401002550,Y,00110893,대신증권,나재철,남,1960년 01월,대표이사,등기임원,상근,업무총괄,"한국외국어대  경영학(석사)
 대신증권 강남지역본부장
 대신증권 WM추진본부장
 대신증권 Wholesale본부장,
 대신증권 Wholesale사업단장,기획본부장
대신증권 인재역량센터장, 기업금융사업단장",1항 1호 아,"2004.04.01~
2018.12.31",2020년 03월 31일,2018
20190401002550,Y,00110893,대신증권,이득원,남,1965년 12월,상무,미등기임원,상근,Product부문장,"고려대 경영학
대신증권 인사부장
대신증권 원주지점장
대신증권 리스크관리부장
대신증권 리스크관리본부 이사대우본부장
대신에프앤아이 경영기획본부장",1항 1호 아,"2018.01.01~
2018.12.31",2019년 03월 31일,2018
20190401002550,Y,00110893,대신증권,이정화,남,1968년 11월,상무,미등기임원,상근,동부지역본부장,"부경대 무역학
대신증권 마산지점장
대신증권 부전동지점장
대신증권 동래지점장",1항 1호 아,"2016.01.01~
2018.12.31",2019년 03월 31일,2018
20190401002550,Y,00110893,대신증권,이환목,남,1966년 04월,상무,미등기임원,상근,Market Solution부문장,"동국대 무역학
우리선물 해외선물부장
대신증권 Global파생상품부장
대신증권 구조화상품본부 이사대우본부장
대신증권 Market Solution부문 이사대우부문장",1항 1호 아,"2016.12.01~
2018.12.31",2019년 03월 31일,2018
20190401002550,Y,00110893,대신증권,진승욱,남,1968년 08월,상무,미등기임원,상근,전략지원담당,"한양대 경영학
대신증권 Global사업부장
대신에프앤아이 경영기획본부 부본부장
/재무관리부장
대신에프앤아이 경영기획본부장",1항 1호 아,"2018.08.16~
2018.12.31",2019년 03월 31일,2018
20190401002550,Y,00110893,대신증권,권택현,남,1972년 02월,상무,미등기임원,상근,PF부문장,"경북대 경영학
대신증권 SF부 팀장
대신증권 프로젝트금융본부 이사대우본부장",1항 1호 아,"2018.01.01~
2018.12.31",2019년 03월 31일,2018
20190401002550,Y,00110893,대신증권,정연규,남,1967년 11월,상무,미등기임원,상근,서부지역본부장,"전남대 회계학
대신증권 목포지점장
대신증권 광주지점장
대신증권 광주센터장",1항 1호 아,"2018.01.01~
2018.12.31",2019년 03월 31일,2018
20190401002550,Y,00110893,대신증권,박성준,남,1973년 02월,상무,미등기임원,상근,IB부문장,"홍익대 경영학
대신증권 금융주치의전략부장
대신증권 IB솔루션부장
대신증권 IB2본부장
대신증권 IB3본부장",1항 1호 아,"2018.01.01~
2018.12.31",2019년 03월 31일,2018
20190401002550,Y,00110893,대신증권,이문수,남,1963년 04월,상무보,미등기임원,상근,리스크관리담당,"경북대 경영학
대신증권 재무관리부 이사대우부장
대신증권 리스크관리본부 이사대우본부장
대신저축은행 준법감시인
대신증권 리스크관리본부 이사대우본부장
대신증권 리스크관리담당 이사대우담당",1항 1호 아,"2016.10.31~
2018.12.31",2018년 12월 31일,2018
20190401002550,Y,00110893,대신증권,최정석,남,1962년 04월,상무보,미등기임원,상근,"준법감시인
준법지원담당","중앙대 사법학(석사)
대신증권 법무실장
대신자산운용 법무본부 이사대우본부장
대신증권 법무지원실 이사대우실장
대신증권 준법지원본부 이사대우본부장
대신증권 준법지원담당 이사대우담당",1항 1호 아,"2016.04.01~
2018.12.31",2019년 03월 31일,2018
20190401002550,Y,00110893,대신증권,이순남,여,1969년 05월,상무보,미등기임원,상근,강남선릉센터장,"동국대 경영학(석사)
대신증권 강남역지점장
대신증권 강남역삼센터 이사대우센터장
대신증권 강남선릉센터 이사대우센터장",1항 1호 아,"2018.01.01~
2018.12.31",2019년 03월 31일,2018
20190401002550,Y,00110893,대신증권,양홍석,남,1981년 04월,사장,등기임원,상근,"업무총괄
(IB사업단,고객자산본부 제외)","서울대 경영학
 대신투자신탁운용 상무이사
 대신증권 전무
 대신증권 부사장",최대주주 본인,"2007.10.01~
2018.12.31",2020년 03월 31일,2018
20190401002550,Y,00110893,대신증권,김호중,남,1967년 08월,상무보,미등기임원,상근,영업부장,"성균관대 무역학
대신증권 브랜드전략실장
대신증권 경영관리부장
대신증권 경영기획실장
대신증권 기획본부 이사대우부본부장",1항 1호 아,"2018.01.01~
2018.12.31",2019년 03월 31일,2018
20190401002550,Y,00110893,대신증권,김상원,남,1972년 07월,상무보,미등기임원,상근,스마트Biz본부장,"한국외국어대 경영학(석사)
대신증권 CIC사업전략팀장
대신증권 스마트금융부장
대신증권 Operation&Technology본부 이사대우부본부장",1항 1호 아,"2018.01.01~
2018.12.31",2019년 03월 31일,2018
20190401002550,Y,00110893,대신증권,김성원,남,1964년 06월,이사대우담당,미등기임원,상근,감사담당,"연세대 경영학(석사)
대신증권 신규업무추진팀장
대신증권 감사실 팀장
대신증권 감사실장",1항 1호 아,"2016.12.01~
2018.12.31",2018년 12월 31일,2018
20190401002550,Y,00110893,대신증권,정태암,남,1965년 07월,이사대우담당,미등기임원,상근,정보보호담당,"영남공업전문대 전자전산학
대신증권 IT전략부 팀장
대신증권 IT개발부 팀장
대신증권 온라인개발부장",1항 1호 아,"2016.12.01~
2018.12.31",2018년 12월 31일,2018
20190401002550,Y,00110893,대신증권,신재국,남,1955년 03월,사외이사,등기임원,비상근,감사위원,"한양대 세무학(석사)
국세청 조사과장
중부지방국세청 조사국장
세무법인 케이파트너즈 대표(현)",1항 1호 아,"2015.03.20~
2018.12.31",2019년 03월 31일,2018
20190401002550,Y,00110893,대신증권,이지원,남,1961년 01월,사외이사,등기임원,비상근,-,"서울대 경영학(석사)
안진회계법인
L&C세무회계사무소 대표 공인회계사(현)",1항 1호 아,"2016.03.18~
2018.12.31",2019년 03월 31일,2018
20190401002550,Y,00110893,대신증권,김병철,남,1958년 09월,사외이사,등기임원,비상근,감사위원장,"성균관대 행정학(박사)
감사원 감사위원
금융위원회 금융행정인사혁신위원(현)",1항 1호 아,"2018.03.23~
2018.12.31",2020년 03월 31일,2018
20190401002550,Y,00110893,대신증권,이창세,남,1962년 01월,사외이사,등기임원,비상근,감사위원,"서울대 법학
대검찰청 감찰부장(검사장)
서울북부지방검찰청 검사장
법무법인 (유)동인 변호사(현)",1항 1호 아,"2018.03.23~
2018.12.31",2020년 03월 31일,2018
20190401002550,Y,00110893,대신증권,김범철,남,1963년 08월,전무,미등기임원,상근,경영전략총괄,"고려대 경영학
대신증권 기획실장
대신자산운용 전무
대신증권 미래전략담당
대신에프앤아이 경영기획본부장
대신증권 기획본부장/투자금융담당",1항 1호 아,"2016.01.01~
2018.12.31",2019년 03월 31일,2018
20190401002550,Y,00110893,대신증권,배영훈,남,1964년 02월,전무,미등기임원,상근,Solution&Product사업단장,"연세대 경영학
대신증권 장외파생상품부장
대신증권 해외파생상품부장
대신증권 파생영업본부장
대신증권 구조화상품본부장
대신증권 Wholesale사업단장",1항 1호 아,"2011.04.01~
2018.12.31",2019년 03월 31일,2018
20200330003179,Y,00110893,대신증권,이어룡,여,1953년 09월,회장,등기임원,상근,-,상명여자사범대,1항 1호 나,"2004.09.24~
2019.12.31",2021년 03월 31일,2019
20200330003179,Y,00110893,대신증권,배영훈,남,1964년 02월,전무,미등기임원,상근,-,"연세대 경영학
대신증권 장외파생상품부장
대신증권 해외파생상품부장
대신증권 파생영업본부장
대신증권 구조화상품본부장
대신증권 Wholesale사업단장
대신증권 Solution&Product사업단장",-,"2011.04.01~
2019.12.31",2020년 03월 20일,2019
20200330003179,Y,00110893,대신증권,송혁,남,1964년 04월,전무,미등기임원,상근,비서/브랜드본부,"전북대 회계학
 대신증권 인수공모2부

대신증권 비서실장",-,"2010.04.01~
2019.12.31",2021년 03월 31일,2019
20200330003179,Y,00110893,대신증권,신인식,남,1962년 01월,전무,미등기임원,상근,WM사업단장,"성균관대 회계학
대신증권 무역센터지점장
 대신증권 강남선릉센터 이사대우센터장
대신증권 강서지역본부장
대신증권 동부지역본부장
대신증권 금융주치의사업단장",-,"2013.04.01~
2019.12.31",2021년 03월 31일,2019
20200330003179,Y,00110893,대신증권,길기모,남,1968년 12월,전무,미등기임원,상근,리스크관리부문장,"서울대 경제학
메리츠종금증권 심사팀장
메리츠종금증권 리스크관리본부장",-,"2019.04.01~
2019.12.31",2021년 03월 31일,2019
20200330003179,Y,00110893,대신증권,박동현,남,1963년 06월,전무,미등기임원,상근,-,"고려대 법학
대신증권 화정동지점장
대신증권 상무지점장
대신증권 무등지점 이사대우지점장
대신증권 서부지역본부장
대신증권 강남지역본부장",-,"2013.04.01~
2019.12.31",2020년 03월 20일,2019
20200330003179,Y,00110893,대신증권,조경순,남,1964년 01월,전무,미등기임원,상근,"고객자산본부장
/ 홍보부문장","연세대 경제학(석사)
대신증권
 홍보실 이사대우실장
대신증권
브랜드전략실 이사대우실장
대신증권 기획본부장",-,"2014.01.01~
2019.12.31",2021년 03월 31일,2019
20200330003179,Y,00110893,대신증권,홍대한,남,1963년 05월,전무,미등기임원,상근,"준법감시인
/준법지원부문장","서강대 경제학
대신증권영업기획부장
대신증권기획실장
대신증권인재전략부 이사대우부장
대신증권 인재역량센터장
대신증권 경영지원본부장",-,"2014.01.01~
2019.12.31",2021년 12월 31일,2019
20200330003179,Y,00110893,대신증권,이동훈,남,1972년 03월,전무,미등기임원,상근,-,"조지아공대 항공우주학(박사)
대신증권파생상품운용부장
대신증권자산운용본부 이사대우본부장
대신증권 Trading Center장
대신증권 Product부문장
대신증권 경영기획본부장",-,"2014.01.01~
2019.12.31",2020년 03월 20일,2019
20200330003179,Y,00110893,대신증권,최명재,남,1963년 10월,전무,미등기임원,상근,-,"연세대 수학
대신증권
트레이딩시스템부장
대신증권
IT개발부장
대신증권 Operation&Technology본부장
대신증권 IT본부장",-,"2015.01.01~
2019.12.31",2020년 03월 20일,2019
20200330003179,Y,00110893,대신증권,이정화,남,1968년 11월,전무,미등기임원,상근,동부지역본부장,"부경대 무역학
대신증권 마산지점장
대신증권 부전동지점장
대신증권 동래지점장",-,"2016.01.01~
2019.12.31",2021년 03월 31일,2019
20200330003179,Y,00110893,대신증권,나재철,남,1960년 01월,대표이사,등기임원,상근,업무총괄,"한국외국어대  경영학(석사)
 대신증권 강남지역본부장
 대신증권 WM추진본부장
 대신증권 Wholesale본부장,
 대신증권 Wholesale사업단장,기획본부장
대신증권 인재역량센터장,기업금융사업단장",1항 1호 아,"2004.04.01~
2019.12.31",2020년 03월 20일,2019
20200330003179,Y,00110893,대신증권,진승욱,남,1968년 08월,전무,미등기임원,상근,"전략지원부문장
/프라이빗라운지
부문장","한양대 경영학
대신증권 Global사업부장
대신에프앤아이 경영기획본부 부본부장
/재무관리부장
대신에프앤아이 경영기획본부장",-,"2018.08.16~
2019.12.31",2021년 03월 31일,2019
20200330003179,Y,00110893,대신증권,권택현,남,1972년 02월,전무,미등기임원,상근,PF부문장,"경북대 경영학
대신증권 SF부 팀장
대신증권 프로젝트금융본부 이사대우본부장",-,"2018.01.01~
2019.12.31",2021년 03월 31일,2019
20200330003179,Y,00110893,대신증권,박성준,남,1973년 02월,전무,미등기임원,상근,IB부문장,"홍익대 경영학
대신증권 금융주치의전략부장
대신증권 IB솔루션부장
대신증권 IB2본부장
대신증권 IB3본부장",-,"2018.01.01~
2019.12.31",2021년 03월 31일,2019
20200330003179,Y,00110893,대신증권,정재중,남,1965년 01월,상무,미등기임원,상근,강북지역본부장,"전남대 국제경영학(석사)
대신증권 명일동지점장
대신증권 부천지점장
대신증권 금융주치의전략부 이사대우부장",-,"2016.01.01~
2019.12.31",2021년 03월 31일,2019
20200330003179,Y,00110893,대신증권,이환목,남,1966년 04월,상무,미등기임원,상근,-,"동국대 무역학
우리선물 해외선물부장
대신증권 Global파생상품부장
대신증권 구조화상품본부 이사대우본부장
대신증권 Market Solution부문 
이사대우부문장
대신증권 Market Solution부문장",-,"2016.12.01~
2019.12.31",2020년 03월 20일,2019
20200330003179,Y,00110893,대신증권,정연규,남,1967년 11월,상무,미등기임원,상근,서부지역본부장,"전남대 회계학
대신증권 목포지점장
대신증권 광주지점장
대신증권 광주센터장",-,"2018.01.01~
2019.12.31",2021년 03월 31일,2019
20200330003179,Y,00110893,대신증권,문병식,남,1965년 04월,상무,미등기임원,상근,Product부문장,"서강대 경제학(석사)
대신증권 채권운용부장
대신증권 Trading Center 부센터장
대신증권 자산운용본부 이사대우본부장",-,"2019.01.01~
2019.12.31",2021년 03월 31일,2019
20200330003179,Y,00110893,대신증권,정연우,남,1972년 08월,상무,미등기임원,상근,Research Center장,"연세대 경영학
대신증권 소비재그룹장
대신증권 알파리서치부 팀장
대신증권 마켓전략실 팀장
대신증권 리서치부장
대신증권 Research&Strategy 본부장",-,"2019.01.01~
2019.12.31",2021년 03월 31일,2019
20200330003179,Y,00110893,대신증권,이순남,여,1969년 05월,상무,미등기임원,상근,"대신나인원
프라이빗라운지장","동국대 경영학(석사)
대신증권 강남역지점장
대신증권 강남역삼센터 이사대우센터장
대신증권 강남선릉센터 이사대우센터장",-,"2018.01.01~
2019.12.31",2021년 03월 31일,2019
20200330003179,Y,00110893,대신증권,이성근,남,1966년 02월,상무,미등기임원,상근,경영기획본부장,"중앙대 경제학(석사)
대신증권 브랜드전략실장
대신저축은행 기획부장
대신자산운용 경영지원그룹 이사대우그룹장
대신증권 WM추진부 이사대우부장
대신증권 준법감시인/준법지원부문장",-,"2019.04.01~
2019.12.31",2021년 03월 31일,2019
20200330003179,Y,00110893,대신증권,양홍석,남,1981년 04월,사장,등기임원,상근,"업무총괄
(IB사업단, 고객자산본부, 경영지원본부, 
정보보호부문, 준법지원부문, 감사부문 제외)","서울대 경영학
 대신투자신탁운용 상무이사
 대신증권 전무
 대신증권 부사장",최대주주 본인,"2007.10.01~
2019.12.31",2020년 03월 20일,2019
20200330003179,Y,00110893,대신증권,임민수,남,1971년 06월,상무,미등기임원,상근,강남지역본부장,"성균관대 법학
대신증권 대치동지점장
대신증권 강남대로센터장
대신증권 청담WM센터장",-,"2019.11.25~
2019.12.31",2021년 03월 31일,2019
20200330003179,Y,00110893,대신증권,김수창,남,1968년 10월,상무,미등기임원,상근,경영지원본부장,"연세대 인적자원개발학(석사)
대신증권 인재지원부장
대신증권 인재전략부장
대신증권 인사부장",-,"2019.11.25~
2019.12.31",2021년 03월 31일,2019
20200330003179,Y,00110893,대신증권,이재우,남,1972년 08월,상무,미등기임원,상근,"Market Solution
부문장","홍익대 경영학
대신증권 재무관리부장/자금부장
대신증권 재무자금부장
대신증권 법인금융상품본부장",-,"2019.11.25~
2019.12.31",2021년 03월 31일,2019
20200330003179,Y,00110893,대신증권,홍종국,남,1971년 06월,상무,미등기임원,상근,IT본부장,"중앙대 산업정보학
대신증권 IT개발부 팀장
대신증권 WM개발부 팀장
대신증권 IT개발부장",-,"2019.11.25~
2019.12.31",2021년 03월 31일,2019
20200330003179,Y,00110893,대신증권,김상원,남,1972년 07월,상무보,미등기임원,상근,스마트Biz본부장,"한국외국어대 경영학(석사)
대신증권 CIC사업전략팀장
대신증권 스마트금융부장
대신증권 Operation&Technology본부 
이사대우부본부장",-,"2018.01.01~
2019.12.31",2021년 03월 31일,2019
20200330003179,Y,00110893,대신증권,김성원,남,1964년 06월,상무보,미등기임원,상근,감사부문장,"연세대 경영학(석사)
대신증권 신규업무추진팀장
대신증권 감사실 팀장
대신증권 감사실장
대신증권 감사담당 이사대우담당",-,"2016.12.01~
2019.12.31",2021년 03월 31일,2019
20200330003179,Y,00110893,대신증권,정기동,남,1963년 05월,상무보,미등기임원,상근,영업부장,"전남대 경영학
대신증권 리테일채권부 이사대우부장
대신증권 영업부 이사대우부장
대신증권 신탁사업부 이사대우부장
대신증권 목동WM센터 이사대우센터장",-,"2019.01.01~
2019.12.31",2021년 03월 31일,2019
20200330003179,Y,00110893,대신증권,정태암,남,1965년 07월,이사대우부문장,미등기임원,상근,정보보호부문장,"영남공업전문대 전자전산학
대신증권 IT전략부 팀장
대신증권 IT개발부 팀장
대신증권 온라인개발부장",-,"2016.12.01~
2019.12.31",2020년 12월 31일,2019
20200330003179,Y,00110893,대신증권,신재국,남,1955년 03월,사외이사,등기임원,비상근,감사위원,"한양대 세무학(석사)
국세청 조사과장
중부지방국세청 조사국장
세무법인 케이파트너즈 대표(현)",1항 1호 아,"2015.03.20~
2019.12.31",2020년 03월 20일,2019
20200330003179,Y,00110893,대신증권,이지원,남,1961년 01월,사외이사,등기임원,비상근,-,"서울대 경영학(석사)
안진회계법인
L&C세무회계사무소 대표 공인회계사(현)",1항 1호 아,"2016.03.18~
2019.12.31",2020년 03월 20일,2019
20200330003179,Y,00110893,대신증권,김병철,남,1958년 09월,사외이사,등기임원,비상근,감사위원장,"성균관대 행정학(박사)
감사원 감사위원
금융위원회 
금융발전심의위원(현)",1항 1호 아,"2018.03.23~
2019.12.31",2020년 03월 20일,2019
20200330003179,Y,00110893,대신증권,이창세,남,1962년 01월,사외이사,등기임원,비상근,감사위원,"서울대 법학
대검찰청 감찰부장(검사장)
서울북부지방검찰청 검사장
법무법인 (유)동인 변호사(현)",1항 1호 아,"2018.03.23~
2019.12.31",2020년 03월 20일,2019
20200330003179,Y,00110893,대신증권,오익근,남,1963년 07월,부사장,미등기임원,상근,"업무총괄
(IB사업단, 고객자산본부 제외)","경희대 경제학
대신증권 인사부장
대신증권 재무관리부장
대신증권 리스크관리본부 이사대우본부장
대신저축은행 경영지원본부장
대신저축은행 대표이사
대신증권 경영지원총괄/IB사업단장",-,"2018.12.03~
2019.12.31",2021년 03월 31일,2019
20200330003179,Y,00110893,대신증권,김범철,남,1963년 08월,부사장,미등기임원,상근,경영전략총괄,"고려대 경영학
대신증권 기획실장
대신자산운용 전무
대신증권 미래전략담당
대신에프앤아이 경영기획본부장
대신증권 기획본부장/투자금융담당",-,"2016.01.01~
2019.12.31",2021년 03월 31일,2019
20210311001204,Y,00110893,대신증권,이어룡,여,1953년 09월,회장,등기임원,상근,-,상명여자사범대,1항 1호 나,"2004.09.24~
2020.12.31",2021년 03월 19일,2020
20210311001204,Y,00110893,대신증권,신인식,남,1962년 01월,전무,미등기임원,상근,-,"성균관대 회계학
대신증권 무역센터지점장
 대신증권 강남선릉센터 이사대우센터장
대신증권 강서지역본부장
대신증권 동부지역본부장
대신증권 금융주치의사업단장
대신증권WM사업단장",-,"2013.04.01~
2020.12.31",2021년 03월 19일,2020
20210311001204,Y,00110893,대신증권,길기모,남,1968년 12월,전무,미등기임원,상근,리스크관리부문장,"서울대 경제학
메리츠종금증권 심사팀장
메리츠종금증권 리스크관리본부장",-,"2019.04.01~
2020.12.31",2021년 03월 31일,2020
20210311001204,Y,00110893,대신증권,조경순,남,1964년 01월,전무,미등기임원,상근,대외협력담당,"연세대 경제학(석사)
대신증권 홍보실 이사대우실장
대신증권브랜드전략실 이사대우실장
대신증권 기획본부장
대신증권 고객자산본부장/홍보부문장",-,"2014.01.01~
2020.12.31",2021년 03월 19일,2020
20210311001204,Y,00110893,대신증권,홍대한,남,1963년 05월,전무,미등기임원,상근,"준법감시인
/준법지원부문장","서강대 경제학
대신증권영업기획부장
대신증권기획실장
대신증권인재전략부 이사대우부장
대신증권 인재역량센터장
대신증권 경영지원본부장",-,"2014.01.01~
2020.12.31",2021년 12월 31일,2020
20210311001204,Y,00110893,대신증권,이정화,남,1968년 11월,전무,미등기임원,상근,동부WM본부장,"부경대 무역학
대신증권 마산지점장
대신증권 부전동지점장
대신증권 동래지점장",-,"2016.01.01~
2020.12.31",2022년 03월 31일,2020
20210311001204,Y,00110893,대신증권,진승욱,남,1968년 08월,전무,미등기임원,상근,경영기획본부장,"한양대 경영학
대신증권 Global사업부장
대신에프앤아이 경영기획본부 부본부장
대신에프앤아이 경영기획본부장
대신증권 전략지원부문장",-,"2018.08.16~
2020.12.31",2022년 03월 31일,2020
20210311001204,Y,00110893,대신증권,권택현,남,1972년 02월,전무,미등기임원,상근,PF부문장,"경북대 경영학
대신증권 SF부 팀장
대신증권 프로젝트금융본부 이사대우본부장",-,"2018.01.01~
2020.12.31",2022년 03월 31일,2020
20210311001204,Y,00110893,대신증권,박성준,남,1973년 02월,전무,미등기임원,상근,IB부문장,"홍익대 경영학
대신증권 금융주치의전략부장
대신증권 IB솔루션부장
대신증권 IB2본부장
대신증권 IB3본부장",-,"2018.01.01~
2020.12.31",2022년 03월 31일,2020
20210311001204,Y,00110893,대신증권,정연규,남,1967년 11월,전무,미등기임원,상근,서부WM본부장,"전남대 회계학
대신증권 목포지점장
대신증권 광주지점장
대신증권 광주센터장",-,"2018.01.01~
2020.12.31",2022년 03월 31일,2020
20210311001204,Y,00110893,대신증권,정재중,남,1965년 01월,상무,미등기임원,상근,-,"전남대 국제경영학(석사)
대신증권 명일동지점장
대신증권 부천지점장
대신증권 금융주치의전략부 이사대우부장
대신증권 재경1WM본부장",-,"2016.01.01~
2020.12.31",2021년 03월 19일,2020
20210311001204,Y,00110893,대신증권,양홍석,남,1981년 04월,사장,등기임원,상근,-,"서울대 경영학
 대신투자신탁운용 상무이사
 대신증권 전무
 대신증권 부사장",최대주주 본인,"2007.10.01~
2020.12.31",2022년 03월 31일,2020
20210311001204,Y,00110893,대신증권,김호중,남,1967년 08월,상무,미등기임원,상근,"고객자산본부장
/홍보부문장","성균관대 무역학
대신증권 전략기획실장
대신증권 기획본부 이사대우부본부장
대신증권 영업부장
대신에프앤아이 경영기획본부장",-,"2020.11.23~
2020.12.31",2022년 03월 31일,2020
20210311001204,Y,00110893,대신증권,문병식,남,1965년 04월,상무,미등기임원,상근,Trading부문장,"서강대 경제학(석사)
대신증권 채권운용부장
대신증권 Trading Center 부센터장
대신증권 자산운용본부 이사대우본부장",-,"2019.01.01~
2020.12.31",2022년 03월 31일,2020
20210311001204,Y,00110893,대신증권,정연우,남,1972년 08월,상무,미등기임원,상근,Research Center장,"연세대 경영학
대신증권 소비재그룹장
대신증권 알파리서치부 팀장
대신증권 마켓전략실 팀장
대신증권 리서치부장",-,"2019.01.01~
2020.12.31",2022년 03월 31일,2020
20210311001204,Y,00110893,대신증권,이순남,여,1969년 05월,상무,미등기임원,상근,"프라이빗라운지
부문장
/대신나인원
프라이빗라운지장","동국대 경영학(석사)
대신증권 강남역지점장
대신증권 강남역삼센터 이사대우센터장
대신증권 강남선릉센터 이사대우센터장",-,"2018.01.01~
2020.12.31",2022년 03월 31일,2020
20210311001204,Y,00110893,대신증권,임민수,남,1971년 06월,상무,미등기임원,상근,재경2WM본부장,"성균관대 법학
대신증권 대치동지점장
대신증권 강남대로센터장
대신증권 청담WM센터장",-,"2019.11.25~
2020.12.31",2022년 03월 31일,2020
20210311001204,Y,00110893,대신증권,김수창,남,1968년 10월,상무,미등기임원,상근,경영지원본부장,"연세대 인적자원개발학(석사)
대신증권 인재지원부장
대신증권 인재전략부장
대신증권 인사부장",-,"2019.11.25~
2020.12.31",2022년 03월 31일,2020
20210311001204,Y,00110893,대신증권,이재우,남,1972년 08월,상무,미등기임원,상근,Wholesale부문장,"홍익대 경영학
대신증권 재무관리부장/자금부장
대신증권 재무자금부장
대신증권 법인금융상품본부장",-,"2019.11.25~
2020.12.31",2022년 03월 31일,2020
20210311001204,Y,00110893,대신증권,홍종국,남,1971년 06월,상무,미등기임원,상근,IT본부장,"중앙대 산업정보학
대신증권 IT개발부 팀장
대신증권 WM개발부 팀장
대신증권 IT개발부장",-,"2019.11.25~
2020.12.31",2022년 03월 31일,2020
20210311001204,Y,00110893,대신증권,최근영,남,1963년 12월,상무,미등기임원,상근,감사부문장,"조선대 회계학
대신자산운용 법무본부장
대신자산운용 리스크관리본부장/준법감시인
대신에이엠씨 감사
대신저축은행 준법감시인
대신증권 법무지원부문장",-,"2020.01.21~
2020.12.31",2022년 03월 31일,2020
20210311001204,Y,00110893,대신증권,김상원,남,1972년 07월,상무,미등기임원,상근,스마트Biz본부장,"한국외국어대 경영학(석사)
대신증권 CIC사업전략팀장
대신증권 스마트금융부장
대신증권 Operation&Technology본부 
이사대우부본부장",-,"2018.01.01~
2020.12.31",2022년 03월 31일,2020
20210311001204,Y,00110893,대신증권,오익근,남,1963년 07월,대표이사,등기임원,상근,업무총괄,"경희대 경제학
대신증권 인사부장
대신증권 재무관리부장
대신증권 리스크관리본부 이사대우본부장
대신저축은행 경영지원본부장
대신저축은행 대표이사
대신증권 경영지원총괄/IB사업단장
대신증권 부사장",1항 1호 아,"2018.12.03~
2020.12.31",2022년 03월 31일,2020
20210311001204,Y,00110893,대신증권,나유석,남,1974년 02월,상무,미등기임원,상근,IPO담당,"한국과학기술원 MBA
대신증권 IB2본부장
대신증권 IPO본부 이사대우본부장",-,"2020.11.23~
2020.12.31",2022년 03월 31일,2020
20210311001204,Y,00110893,대신증권,신재범,남,1970년 02월,상무,미등기임원,상근,WM추진본부장,"세종대 회계학
대신증권 광명센터장
대신증권 대림동지점장
대신증권 WM추진부 이사대우부장",-,"2020.11.23~
2020.12.31",2022년 03월 31일,2020
20210311001204,Y,00110893,대신증권,강준규,남,1972년 02월,상무,미등기임원,상근,재경1WM본부장,"가천대 무역학
대신증권 수지지점장
대신증권 여의도영업부장",-,"2020.11.23~
2020.12.31",2022년 03월 31일,2020
20210311001204,Y,00110893,대신증권,강윤기,남,1974년 08월,상무,미등기임원,상근,전략지원부문장,"성균관대 경영학
대신증권 미래전략실장
대신증권 전략지원실장",-,"2020.11.23~
2020.12.31",2022년 03월 31일,2020
20210311001204,Y,00110893,대신증권,김성원,남,1964년 06월,상무보,미등기임원,상근,"금융소비자보호
총괄","연세대 경영학(석사)
대신증권 신규업무추진팀장
대신증권 감사실 팀장
대신증권 감사실장
대신증권 감사담당 이사대우담당
대신증권 감사부문장",-,"2016.12.01~
2020.12.31",2022년 03월 31일,2020
20210311001204,Y,00110893,대신증권,정기동,남,1963년 05월,상무보,미등기임원,상근,영업부장,"전남대 경영학
대신증권 리테일채권부 이사대우부장
대신증권 영업부 이사대우부장
대신증권 신탁사업부 이사대우부장
대신증권 목동WM센터 이사대우센터장",-,"2019.01.01~
2020.12.31",2022년 03월 31일,2020
20210311001204,Y,00110893,대신증권,박현식,남,1967년 04월,이사대우부문장,미등기임원,상근,정보보호부문장,"충북대 전산학
대신증권 차세대시스템부 팀장
대신증권 IT시스템부 팀장
대신증권 IT지원부장",-,"2020.11.23~
2020.12.31",2021년 12월 31일,2020
20210311001204,Y,00110893,대신증권,이지원,남,1961년 01월,사외이사,등기임원,비상근,감사위원장,"서울대 경영학(석사)
안진회계법인
L&C세무회계사무소 대표 공인회계사(現)",1항 1호 아,"2016.03.18~
2020.12.31",2021년 03월 19일,2020
20210311001204,Y,00110893,대신증권,김병철,남,1958년 09월,사외이사,등기임원,비상근,-,"성균관대 행정학(박사)
감사원 감사위원
금융위원회 적극행정심의위원(現)",1항 1호 아,"2018.03.23~
2020.12.31",2021년 03월 19일,2020
20210311001204,Y,00110893,대신증권,이창세,남,1962년 01월,사외이사,등기임원,비상근,감사위원,"서울대 법학
대검찰청 감찰부장(검사장)
서울북부지방검찰청 검사장
법무법인 (유)동인 변호사(現)",1항 1호 아,"2018.03.23~
2020.12.31",2021년 03월 19일,2020
20210311001204,Y,00110893,대신증권,조홍희,남,1959년 07월,사외이사,등기임원,비상근,감사위원,"University of Bath 사회과학대학원(석사)
서울지방국세청 청장
법무법인 태평양 고문(現)",1항 1호 아,"2020.03.20~
2020.12.31",2022년 03월 31일,2020
20210311001204,Y,00110893,대신증권,김범철,남,1963년 08월,부사장,미등기임원,상근,경영전략총괄,"고려대 경영학
대신증권 기획실장
대신자산운용 전무
대신증권 미래전략담당
대신에프앤아이 경영기획본부장
대신증권 기획본부장/투자금융담당",-,"2016.01.01~
2020.12.31",2022년 03월 31일,2020
20210311001204,Y,00110893,대신증권,송혁,남,1964년 04월,부사장,미등기임원,상근,WM사업단장,"전북대 회계학
 대신증권 인수공모2부
대신증권 비서실장
대신증권 비서/브랜드본부장",-,"2010.04.01~
2020.12.31",2022년 03월 31일,2020
20220516001812,Y,00110893,대신증권,이어룡,여,1953년 09월,회장,사내이사,상근,-,상명여자사범대,1항 1호 나,2004.09.24~2021.12.31,2023년 03월 31일,2021
20220516001812,Y,00110893,대신증권,송혁,남,1964년 04월,부사장,미등기,상근,리테일총괄,"전북대 회계학
 대신증권 인수공모2부
 대신증권 비서실장
 대신증권 비서/브랜드본부장
 대신증권 WM사업단장,디지털사업단장",-,2010.04.01~2021.12.31,2023년 03월 31일,2021
20220516001812,Y,00110893,대신증권,길기모,남,1968년 12월,전무,미등기,상근,리스크관리부문장,"서울대 경제학
 메리츠종금증권 심사팀장
 메리츠종금증권 리스크관리본부장",-,2019.04.01~2021.12.31,2023년 03월 31일,2021
20220516001812,Y,00110893,대신증권,유창범,남,1968년 04월,전무,미등기,상근,Sales&Trading총괄,"서울대 행정학(석사)
 Bank of America 서울지점 지점장
 메리츠증권 자산운용본부 전무",-,2021.03.02~2021.12.31,2023년 03월 31일,2021
20220516001812,Y,00110893,대신증권,박성준,남,1973년 02월,전무,미등기,상근,IB부문장,"홍익대 경영학
 대신증권 금융주치의전략부장
 대신증권 IB솔루션부장
 대신증권 IB2본부장
 대신증권 IB3본부장",-,2018.01.01~2021.12.31,2023년 03월 31일,2021
20220516001812,Y,00110893,대신증권,홍대한,남,1963년 05월,전무,미등기,상근,-,"서강대 경제학
 대신증권 영업기획부장
 대신증권 기획실장
 대신증권 인재전략부 이사대우부장
 대신증권 인재역량센터장
 대신증권 경영지원본부장
 대신증권 준법지원부문장",-,2014.01.01~2021.12.31,2021년 12월 31일,2021
20220516001812,Y,00110893,대신증권,이정화,남,1968년 11월,전무,미등기,상근,동부WM부문장,"부경대 무역학
 대신증권 마산지점장
 대신증권 부전동지점장
 대신증권 동래지점장",-,2016.01.01~2021.12.31,2023년 03월 31일,2021
20220516001812,Y,00110893,대신증권,진승욱,남,1968년 08월,전무,미등기,상근,경영기획부문장,"한양대 경영학
 대신증권 Global사업부장
 대신에프앤아이 경영기획본부 부본부장
 대신에프앤아이 경영기획본부장
 대신증권 전략지원부문장",-,2018.08.16~2021.12.31,2023년 03월 31일,2021
20220516001812,Y,00110893,대신증권,권택현,남,1972년 02월,전무,미등기,상근,PF부문장,"경북대 경영학
 대신증권 SF부 팀장
 대신증권 프로젝트금융본부 이사대우본부장",-,2018.01.01~2021.12.31,2023년 03월 31일,2021
20220516001812,Y,00110893,대신증권,정연규,남,1967년 11월,전무,미등기,상근,서부WM부문장,"전남대 회계학
 대신증권 목포지점장
 대신증권 광주지점장
 대신증권 광주센터장",-,2018.01.01~2021.12.31,2023년 03월 31일,2021
20220516001812,Y,00110893,대신증권,김호중,남,1967년 08월,전무,미등기,상근,"고객자산부문장, 홍보부문장","성균관대 무역학
 대신증권 전략기획실장
 대신증권 기획본부 이사대우부본부장
 대신증권 영업부장
 대신에프앤아이 경영기획본부장",-,2020.11.23~2021.12.31,2023년 03월 31일,2021
20220516001812,Y,00110893,대신증권,양홍석,남,1981년 04월,부회장,사내이사,상근,-,"서울대 경영학
 대신투자신탁운용 상무이사
 대신증권 전무
 대신증권 부사장
 대신증권 사장",최대주주 본인,2007.10.01~2021.12.31,2022년 03월 31일,2021
20220516001812,Y,00110893,대신증권,정연우,남,1972년 08월,전무,미등기,상근,Research Center장,"연세대 경영학
 대신증권 소비재그룹장
 대신증권 알파리서치부 팀장
 대신증권 마켓전략실 팀장
 대신증권 리서치부장",-,2019.01.01~2021.12.31,2023년 03월 31일,2021
20220516001812,Y,00110893,대신증권,이재우,남,1972년 08월,전무,미등기,상근,Wholesale부문장,"홍익대 경영학
 대신증권 재무관리부장/자금부장
 대신증권 재무자금부장
 대신증권 법인금융상품본부장",-,2019.11.25~2021.12.31,2023년 03월 31일,2021
20220516001812,Y,00110893,대신증권,이순남,여,1969년 05월,상무,미등기,상근,"프라이빗부문장,
 대신나인원프라이빗라운지장","동국대 경영학(석사)
 대신증권 강남역지점장
 대신증권 강남역삼센터 이사대우센터장
 대신증권 강남선릉센터 이사대우센터장",-,2018.01.01~2021.12.31,2023년 03월 31일,2021
20220516001812,Y,00110893,대신증권,임민수,남,1971년 06월,상무,미등기,상근,재경2WM부문장,"성균관대 법학
 대신증권 대치동지점장
 대신증권 강남대로센터장
 대신증권 청담WM센터장",-,2019.11.25~2021.12.31,2023년 03월 31일,2021
20220516001812,Y,00110893,대신증권,김수창,남,1968년 10월,상무,미등기,상근,경영지원부문장,"연세대 인적자원개발학(석사)
 대신증권 인재지원부장
 대신증권 인재전략부장
 대신증권 인사부장",-,2019.11.25~2021.12.31,2023년 03월 31일,2021
20220516001812,Y,00110893,대신증권,홍종국,남,1971년 06월,상무,미등기,상근,IT부문장,"중앙대 산업정보학
 대신증권 IT개발부 팀장
 대신증권 WM개발부 팀장
 대신증권 IT개발부장",-,2019.11.25~2021.12.31,2023년 03월 31일,2021
20220516001812,Y,00110893,대신증권,최근영,남,1963년 12월,상무,미등기,상근,"준법감시인
 준법지원부문장","조선대 회계학
 대신자산운용 법무본부장
 대신자산운용 리스크관리본부장/준법감시인
 대신에이엠씨 감사
 대신저축은행 준법감시인
 대신증권 법무지원부문장
 대신증권 감사부문장",-,2020.01.21~2021.12.31,2023년 12월 31일,2021
20220516001812,Y,00110893,대신증권,김상원,남,1972년 07월,상무,미등기,상근,디지털부문장,"한국외대 경영학(석사)
 대신증권 CIC사업전략팀장
 대신증권 스마트금융부장
 대신증권 Operation&Technology본부 이사대우부본부장",-,2018.01.01~2021.12.31,2023년 03월 31일,2021
20220516001812,Y,00110893,대신증권,나유석,남,1974년 02월,상무,미등기,상근,IPO담당,"한국과학기술원 MBA
 대신증권 IB2본부장
 대신증권 IPO본부 이사대우본부장",-,2020.11.23~2021.12.31,2023년 03월 31일,2021
20220516001812,Y,00110893,대신증권,신재범,남,1970년 02월,상무,미등기,상근,WM추진부문장,"세종대학교 회계학
 대신증권 광명센터장
 대신증권 대림동지점장
 대신증권 WM추진부 이사대우부장",-,2020.11.23~2021.12.31,2023년 03월 31일,2021
20220516001812,Y,00110893,대신증권,오익근,남,1963년 07월,대표이사,사내이사,상근,업무총괄,"경희대 경제학
 대신증권 인사부장
 대신증권 재무관리부장
 대신증권 리스크관리본부 이사대우본부장
 대신저축은행 경영지원본부장
 대신저축은행 대표이사
 대신증권 경영지원총괄, IB사업단장
 대신증권 부사장",1항 1호 아,2018.12.03~2021.12.31,2022년 03월 31일,2021
20220516001812,Y,00110893,대신증권,강준규,남,1972년 02월,상무,미등기,상근,재경1WM부문장,"가천대학교 무역학
 대신증권 수지지점장
 대신증권 여의도영업부장",-,2020.11.23~2021.12.31,2023년 03월 31일,2021
20220516001812,Y,00110893,대신증권,강윤기,남,1974년 08월,상무,미등기,상근,전략지원부문장,"성균관대학교 경영학
 대신증권 미래전략실장
 대신증권 전략지원실장",-,2020.11.23~2021.12.31,2023년 03월 31일,2021
20220516001812,Y,00110893,대신증권,김성원,남,1964년 06월,상무,미등기,상근,금융소비자보호총괄,"연세대 경영학(석사)
 대신증권 신규업무추진팀장
 대신증권 감사실 팀장
 대신증권 감사실장
 대신증권 감사담당 이사대우담당
 대신증권 감사부문장",-,2016.12.01~2021.12.31,2023년 03월 31일,2021
20220516001812,Y,00110893,대신증권,박정환,남,1975년 07월,상무,미등기,상근,Trading부문장,"서울대 기계공학
 SC제일은행 외환파생상품 이사대우
 미래에셋증권 FICC파생운용팀 수석매니저
 KTB투자증권 Financial Market본부 상무",-,2021.12.27~2021.12.31,2023년 03월 31일,2021
20220516001812,Y,00110893,대신증권,정기동,남,1963년 05월,상무보,미등기,상근,-,"전남대 경영학
 대신증권 리테일채권 이사대우부장
 대신증권 영업부 이사대우부장
 대신증권 신탁사업부 이사대우부장
 대신증권 목동WM센터 이사대우센터장
 대신증권 영업부장",-,2019.01.01~2021.12.31,2022년 03월 31일,2021
20220516001812,Y,00110893,대신증권,이정훈,남,1970년 01월,상무보,미등기,상근,Coverage본부장,"경희대 경제학
 메리츠증권 투자금융팀 이사
 하나금융투자 커버리지2실 상무대우
 DB금융투자 FAS1팀 이사
 IBK투자증권 Coverage3팀 이사",-,2021.06.01~2021.12.31,2023년 03월 31일,2021
20220516001812,Y,00110893,대신증권,김봉진,남,1969년 07월,상무보,미등기,상근,영업부장,"동아대 경영학(박사)
 대신증권 사하지점장
 대신증권 부산센터 이사대우센터장",-,2021.11.22~2021.12.31,2023년 03월 31일,2021
20220516001812,Y,00110893,대신증권,박현식,남,1967년 04월,이사대우부문장,미등기,상근,정보보호부문장,"충북대학교 전산학
 대신증권 차세대시스템부 팀장
 대신증권 IT시스템부 팀장
 대신증권 IT지원부장",-,2020.11.23~2021.12.31,2022년 12월 31일,2021
20220516001812,Y,00110893,대신증권,이성영,남,1969년 06월,이사대우부문장,미등기,상근,감사부문장,"중앙대 무역학
 대신증권 채권운용부 팀장
 대신증권 리테일상품팀 팀장
 대신증권 감사실장",-,2021.11.22~2021.12.31,2022년 12월 31일,2021
20220516001812,Y,00110893,대신증권,김병철,남,1958년 09월,사외이사,사외이사,비상근,감사위원장,"성균관대 행정학(박사)
 감사원 감사위원
 現)금융위원회 적극행정심의위원",1항 1호 아,2018.03.23~2021.12.31,2022년 03월 31일,2021
20220516001812,Y,00110893,대신증권,이창세,남,1962년 01월,사외이사,사외이사,비상근,-,"서울대 법학
 대검찰청 감찰부장(검사장)
 서울북부지방검찰청 검사장
 現)법무법인 (유)동인 변호사",1항 1호 아,2018.03.23~2021.12.31,2022년 03월 31일,2021
20220516001812,Y,00110893,대신증권,조홍희,남,1959년 07월,사외이사,사외이사,비상근,감사위원,"University of Bath 사회과학대학원(석사)
 서울지방국세청 청장
 現)법무법인 태평양 고문",1항 1호 아,2020.03.20~2021.12.31,2022년 03월 31일,2021
20220516001812,Y,00110893,대신증권,김창수,남,1958년 08월,사외이사,사외이사,비상근,감사위원,"Florida International University 경영대학원(박사)
 한국회계정보학회 회장
 중앙대 제15대 총장
 現)중앙대 경영경제대 경영학부 교수",1항 1호 아,2021.03.19~2021.12.31,2023년 03월 31일,2021
20220516001812,Y,00110893,대신증권,원윤희,남,1957년 09월,사외이사,사외이사,비상근,-,"Ohio State University 정책대학원(박사)
 한국조세연구원 제9대 원장
 서울시립대 제8대 총장
 現)서울시립대 세무대학원 교수",1항 1호 아,2021.03.19~2021.12.31,2023년 03월 31일,2021
20220516001812,Y,00110893,대신증권,김범철,남,1963년 08월,부사장,미등기,상근,경영전략총괄,"고려대 경영학
 대신증권 기획실장
 대신자산운용 전무
 대신증권 미래전략담당
 대신에프앤아이 경영기획본부장
 대신증권 기획본부장/투자금융담당",-,2016.01.01~2021.12.31,2023년 03월 31일,2021
20230316001545,Y,00110893,대신증권,이어룡,여,1953년 09월,회장,사내이사,상근,-,상명여자사범대,1항 1호 나,2004.09.24~2022.12.31,2023년 03월 31일,2022
20230316001545,Y,00110893,대신증권,송혁,남,1964년 04월,부사장,미등기,상근,리테일총괄,"전북대 회계학
 대신증권 비서실장
 대신증권 비서/브랜드본부장
 대신증권 WM사업단장,디지털사업단장",-　,2010.04.01~2022.12.31,2024년 03월 31일,2022
20230316001545,Y,00110893,대신증권,길기모,남,1968년 12월,전무,미등기,상근,리스크관리부문장,"서울대 경제학
 메리츠종금증권 심사팀장
 메리츠종금증권 리스크관리본부장",-　,2019.04.01~2022.12.31,2023년 03월 31일,2022
20230316001545,Y,00110893,대신증권,박성준,남,1973년 02월,전무,미등기,상근,IB부문장,"홍익대 경영학
 대신증권 금융주치의전략부장
 대신증권 IB솔루션부장
 대신증권 IB2본부장
 대신증권 IB3본부장",-　,2018.01.01~2022.12.31,2024년 03월 31일,2022
20230316001545,Y,00110893,대신증권,이정화,남,1968년 11월,전무,미등기,상근,-,"부경대 무역학
 대신증권 마산지점장
 대신증권 부전동지점장
 대신증권 동래지점장",-　,2016.01.01~2022.12.31,2023년 03월 31일,2022
20230316001545,Y,00110893,대신증권,권택현,남,1972년 02월,전무,미등기,상근,PF부문장,"경북대 경영학
대신증권 부동산금융본부장
대신증권 프로젝트금융본부 이사대우본부장",-　,2018.01.01~2022.12.31,2024년 03월 31일,2022
20230316001545,Y,00110893,대신증권,정연규,남,1967년 11월,전무,미등기,상근,서부WM부문장,"전남대 회계학
 대신증권 목포지점장
 대신증권 광주지점장
 대신증권 광주센터장",-　,2018.01.01~2022.12.31,2024년 03월 31일,2022
20230316001545,Y,00110893,대신증권,김호중,남,1967년 08월,전무,미등기,상근,"고객자산부문장, 홍보부문장","성균관대 무역학
 대신증권 전략기획실장
 대신증권 기획본부 이사대우부본부장
 대신증권 영업부장
 대신에프앤아이 경영기획본부장",-　,2020.11.23~2022.12.31,2023년 03월 31일,2022
20230316001545,Y,00110893,대신증권,정연우,남,1972년 08월,전무,미등기,상근,Research Center장,"연세대 경영학
대신증권 소비재그룹장
대신증권 리서치부장",-　,2019.01.01~2022.12.31,2024년 03월 31일,2022
20230316001545,Y,00110893,대신증권,이재우,남,1972년 08월,전무,미등기,상근,Wholesale부문장,"홍익대 경영학
 대신증권 재무관리부장/자금부장
 대신증권 재무자금부장
 대신증권 법인금융상품본부장",-　,2019.11.25~2022.12.31,2024년 03월 31일,2022
20230316001545,Y,00110893,대신증권,이순남,여,1969년 05월,상무,미등기,상근,"프라이빗부문장,
 나인원프라이빗라운지장","동국대 경영학(석사)
 대신증권 강남역지점장
 대신증권 강남역삼센터 이사대우센터장
 대신증권 강남선릉센터 이사대우센터장",-　,2018.01.01~2022.12.31,2024년 03월 31일,2022
20230316001545,Y,00110893,대신증권,양홍석,남,1981년 04월,부회장,사내이사,상근,-,"서울대 경영학
 대신투자신탁운용 상무이사
 대신증권 전무
 대신증권 부사장
 대신증권 사장",최대주주 본인,2007.10.01~2022.12.31,2024년 03월 31일,2022
20230316001545,Y,00110893,대신증권,임민수,남,1971년 06월,상무,미등기,상근,재경2WM부문장,"성균관대 법학
 대신증권 대치동지점장
 대신증권 강남대로센터장
 대신증권 청담WM센터장",-　,2019.11.25~2022.12.31,2024년 03월 31일,2022
20230316001545,Y,00110893,대신증권,김수창,남,1968년 10월,상무,미등기,상근,경영지원부문장,"연세대 인적자원개발학(석사)
 대신증권 인재지원부장
 대신증권 인재전략부장
 대신증권 인사부장",-　,2019.11.25~2022.12.31,2024년 03월 31일,2022
20230316001545,Y,00110893,대신증권,홍종국,남,1971년 06월,상무,미등기,상근,IT부문장,"중앙대 산업정보학
대신증권 WM개발부장
대신증권 IT개발부장",-　,2019.11.25~2022.12.31,2024년 03월 31일,2022
20230316001545,Y,00110893,대신증권,최근영,남,1963년 12월,상무,미등기,상근,"준법감시인
 준법지원부문장","조선대 회계학
 대신자산운용 법무본부장
 대신자산운용 리스크관리본부장/준법감시인
 대신에이엠씨 감사
 대신저축은행 준법감시인
 대신증권 법무지원부문장
 대신증권 감사부문장",-　,2020.01.21~2022.12.31,2023년 12월 31일,2022
20230316001545,Y,00110893,대신증권,김상원,남,1972년 07월,상무,미등기,상근,"금융소비자보호부문장
(COO)","한국외대 경영학(석사)
대신증권 스마트금융부장
대신증권 Operation&Technology본부 이사대우부본부장
대신증권 디지털부문장",-　,2018.01.01~2022.12.31,2024년 03월 31일,2022
20230316001545,Y,00110893,대신증권,나유석,남,1974년 02월,상무,미등기,상근,IPO담당,"한국과학기술원 MBA
 대신증권 IB2본부장
 대신증권 IPO본부 이사대우본부장",-　,2020.11.23~2022.12.31,2024년 03월 31일,2022
20230316001545,Y,00110893,대신증권,신재범,남,1970년 02월,상무,미등기,상근,재경1WM부문장,"세종대학교 회계학
 대신증권 대림동지점장
 대신증권 WM추진부 이사대우부장
WM추진부문장",-　,2020.11.23~2022.12.31,2024년 03월 31일,2022
20230316001545,Y,00110893,대신증권,강준규,남,1972년 02월,상무,미등기,상근,디지털부문장,"가천대학교 무역학
 대신증권 수지지점장
 대신증권 여의도영업부장
재경1WM부문장",-　,2020.11.23~2022.12.31,2024년 03월 31일,2022
20230316001545,Y,00110893,대신증권,강윤기,남,1974년 08월,상무,미등기,상근,전략지원부문장,"성균관대학교 경영학
 대신증권 미래전략실장
 대신증권 전략지원실장",-　,2020.11.23~2022.12.31,2024년 03월 31일,2022
20230316001545,Y,00110893,대신증권,김성원,남,1964년 06월,상무,미등기,상근,-,"연세대 경영학(석사)
대신증권 감사실장
대신증권 감사부문장",-　,2016.12.01~2022.12.31,2023년 03월 31일,2022
20230316001545,Y,00110893,대신증권,오익근,남,1963년 07월,대표이사,사내이사,상근,업무총괄,"경희대 경제학
 대신증권 인사부장
 대신증권 재무관리부장
 대신증권 리스크관리본부 이사대우본부장
 대신저축은행 경영지원본부장
 대신저축은행 대표이사
 대신증권 경영지원총괄, IB사업단장",1항 1호 아,2018.12.03~2022.12.31,2024년 03월 31일,2022
20230316001545,Y,00110893,대신증권,박정환,남,1975년 07월,상무,미등기,상근,Trading부문장,"서울대 기계공학
 SC제일은행 외환파생상품 이사대우
 미래에셋증권 FICC파생운용팀 수석매니저
 KTB투자증권 Financial Market본부 상무",-　,2021.12.27~2022.12.31,2024년 03월 31일,2022
20230316001545,Y,00110893,대신증권,송종원,남,1973년 10월,상무,미등기,상근,경영기획부문장,"동국대 무역학
대신증권 경영기획실 이사대우실장",-,2022.06.02~2022.12.31,2024년 03월 31일,2022
20230316001545,Y,00110893,대신증권,김경렬,남,1971년 01월,상무,미등기,상근,동부WM부문장,"경북대 경영학
대신증권 포항지점장
대신증권 동대구지점 이사대우지점장",-,2022.11.21~2022.12.31,2024년 03월 31일,2022
20230316001545,Y,00110893,대신증권,김광혁,남,1973년 08월,상무,미등기,상근,Club1962센터장,"인하대 경제통상학
대신증권 역량개발부장
대신증권 Club1962 이사대우센터장",-,2022.11.21~2022.12.31,2024년 03월 31일,2022
20230316001545,Y,00110893,대신증권,박석원,남,1973년 02월,상무,미등기,상근,기업금융담당,"중앙대 응용통계학
대신증권 IB1본부 팀장
대신증권 ECM본부 이사대우본부장",-,2022.11.21~2022.12.31,2024년 03월 31일,2022
20230316001545,Y,00110893,대신증권,김성균,남,1973년 03월,상무,미등기,상근,비서실장,"중앙대 경영학
대신증권 인사부장
대신증권 비서실 이사대우실장",-,2022.11.21~2022.12.31,2024년 03월 31일,2022
20230316001545,Y,00110893,대신증권,최광철,남,1973년 12월,상무,미등기,상근,WM추진부문장,"서강대 사회학
대신증권 상품전략부장
대신증권 상품기획부장
대신증권 리테일기획부장",-,2022.11.21~2022.12.31,2024년 03월 31일,2022
20230316001545,Y,00110893,대신증권,최대경,남,1974년 01월,상무,미등기,상근,고객자산부문 부부문장,"고려대 경영학
대신증권 리스크관리부장
대신증권 자산운용본부장
대신증권 멀티운용본부장
대신증권 패시브운용본부장",-,2022.11.21~2022.12.31,2024년 03월 31일,2022
20230316001545,Y,00110893,대신증권,이정훈,남,1970년 01월,상무보,미등기,상근,Coverage본부장,"경희대 경제학
 메리츠증권 투자금융팀 이사
 하나금융투자 커버리지2실 상무대우
 DB금융투자 FAS1팀 이사
 IBK투자증권 Coverage3팀 이사",　-,2021.06.01~2022.12.31,2024년 03월 31일,2022
20230316001545,Y,00110893,대신증권,김봉진,남,1969년 07월,상무보,미등기,상근,영업부장,"동아대 경영학(박사)
 대신증권 사하지점장
 대신증권 부산센터 이사대우센터장",　-,2021.11.22~2022.12.31,2024년 03월 31일,2022
20230316001545,Y,00110893,대신증권,김병철,남,1958년 09월,사외이사,사외이사,비상근,감사위원장,"성균관대 행정학(박사)
 감사원 감사위원
 現)금융위원회 적극행정심의위원",1항 1호 아,2018.03.23~2022.12.31,2023년 03월 31일,2022
20230316001545,Y,00110893,대신증권,김상혁,남,1974년 12월,상무보,미등기,상근,PF1본부장,"인하대 정치외교학
NH투자증권 부동산금융부장
KB증권 프로젝트금융부 이사",-,2022.07.01~2022.12.31,2024년 03월 31일,2022
20230316001545,Y,00110893,대신증권,이성영,남,1969년 06월,이사대우부문장,미등기,상근,감사부문장,"중앙대 무역학
대신증권 리테일상품팀장
대신증권 감사실장",-,2021.11.22~2022.12.31,2023년 12월 31일,2022
20230316001545,Y,00110893,대신증권,정회민,남,1971년 12월,이사대우부문장,미등기,상근,정보보호부문장,"원광대 통계학
대신증권 정보보호부장",-,2022.11.21~2022.12.31,2023년 12월 31일,2022
20230316001545,Y,00110893,대신증권,이창세,남,1962년 01월,사외이사,사외이사,비상근,-,"서울대 법학
 대검찰청 감찰부장(검사장)
 서울북부지방검찰청 검사장
 現)법무법인 (유)동인 변호사",1항 1호 아,2018.03.23~2022.12.31,2023년 03월 31일,2022
20230316001545,Y,00110893,대신증권,김창수,남,1958년 08월,사외이사,사외이사,비상근,감사위원,"Florida International University 경영대학원(박사)
 한국회계정보학회 회장
 중앙대 제15대 총장
 現)중앙대 경영경제대 경영학부 교수",1항 1호 아,2021.03.19~2022.12.31,2023년 03월 31일,2022
20230316001545,Y,00110893,대신증권,원윤희,남,1957년 09월,사외이사,사외이사,비상근,-,"Ohio State University 정책대학원(박사)
 한국조세연구원 제9대 원장
 서울시립대 제8대 총장
 現)서울시립대 세무대학원 교수",1항 1호 아,2021.03.19~2022.12.31,2023년 03월 31일,2022
20230316001545,Y,00110893,대신증권,김성호,남,1950년 03월,사외이사,사외이사,비상근,감사위원,"건국대 법학(박사)
 국가청렴위원회 사무처장
 제58대 법무부장관
 現)재단법인 행복세상 이사장",1항 1호 아,2022.03.18~2022.12.31,2024년 03월 31일,2022
20230316001545,Y,00110893,대신증권,김범철,남,1963년 08월,부사장,미등기,상근,경영전략총괄,"고려대 경영학
 대신증권 기획실장
 대신자산운용 전무
 대신증권 미래전략담당
 대신에프앤아이 경영기획본부장
 대신증권 기획본부장/투자금융담당",-　,2016.01.01~2022.12.31,2024년 03월 31일,2022
